symbol,company_name,exchange,data_date,last_close_price,price_1m_ago,price_3m_ago,price_6m_ago,price_9m_ago,price_12m_ago,week_52_high,week_52_low,year_3_high,year_3_low,year_5_high,year_5_low,created_at,updated_at
2222.SR,Saudi Arabian Oil Company,Tadawul,2025-09-30,24.620,23.600,24.442,25.616,26.975,25.674,27.889,23.040,32.092,23.040,34.089,22.766,2025-09-30 20:37:29.568083+03:00,2025-10-01 00:49:39.447454+03:00
1120.SR,Al Rajhi Banking and Investment Corporation,Tadawul,2025-09-30,107.200,93.750,96.000,99.101,95.850,78.907,108.000,78.907,108.000,60.453,108.872,36.244,2025-09-30 21:28:44.146231+03:00,2025-10-01 00:49:44.038803+03:00
2381.SR,Arabian Drilling Company,Tadawul,2025-09-30,78.800,73.600,82.000,93.300,107.397,104.441,118.235,72.000,205.691,72.000,205.691,72.000,2025-09-30 21:50:27.497483+03:00,2025-09-30 21:54:10.883005+03:00
2382.SR,ADES Holding Company,Tadawul,2025-09-30,16.290,15.080,12.875,15.931,16.979,18.983,20.286,11.987,25.103,11.987,25.103,11.987,2025-09-30 21:50:31.814274+03:00,2025-09-30 21:54:15.492151+03:00
2380.SR,Rabigh Refining and Petrochemical Company,Tadawul,2025-09-30,7.380,6.610,7.940,7.690,8.240,7.780,8.920,6.260,15.380,6.260,24.270,6.260,2025-09-30 21:50:36.059720+03:00,2025-09-30 21:54:20.079852+03:00
4030.SR,The National Shipping Company of Saudi Arabia,Tadawul,2025-09-30,27.240,21.980,23.620,24.680,21.040,22.920,27.660,20.640,27.660,13.381,27.660,9.630,2025-09-30 21:50:40.464966+03:00,2025-09-30 21:54:24.470883+03:00
2030.SR,Saudi Arabian Refineries Company,Tadawul,2025-09-30,61.600,56.600,63.600,63.500,71.900,75.800,84.200,52.500,98.874,52.500,198.630,52.500,2025-09-30 21:50:45.394819+03:00,2025-09-30 21:54:28.773158+03:00
1202.SR,Middle East Company for Manufacturing and Producing Paper,Tadawul,2025-09-30,27.620,27.860,28.320,29.750,35.900,39.800,43.600,24.220,48.950,24.220,49.796,11.203,2025-09-30 21:50:49.649584+03:00,2025-09-30 21:54:33.034775+03:00
3007.SR,Zahrat Al Waha For Trading Company,Tadawul,2025-09-30,26.420,24.400,26.000,30.316,33.461,32.822,36.605,22.000,51.704,22.000,59.287,22.000,2025-09-30 21:50:53.942355+03:00,2025-09-30 21:54:37.351954+03:00
1201.SR,Takween Advanced Industries,Tadawul,2025-09-30,7.800,7.410,8.440,9.250,10.880,11.700,13.060,6.980,23.967,6.980,52.759,6.980,2025-09-30 21:50:58.290350+03:00,2025-09-30 21:54:58.553337+03:00
1322.SR,Al Masane Al Kobra Mining Company,Tadawul,2025-09-30,73.500,63.100,65.550,56.000,62.930,68.313,73.850,46.800,73.850,46.147,80.317,46.147,2025-09-30 21:51:02.766578+03:00,2025-09-30 21:55:03.001091+03:00
4143.SR,Al Taiseer Group TALCO Industrial Company,Tadawul,2025-09-30,42.520,41.040,43.080,45.969,53.390,50.286,59.269,35.658,68.956,35.658,68.956,35.658,2025-09-30 21:51:07.101515+03:00,2025-09-30 21:55:07.460952+03:00
2150.SR,The National Company for Glass Industries,Tadawul,2025-09-30,41.380,40.492,43.258,46.023,55.307,50.834,57.929,38.171,57.929,28.484,57.929,20.228,2025-09-30 21:51:11.355871+03:00,2025-09-30 21:55:11.716876+03:00
2180.SR,Filling and Packing Materials Manufacturing Company,Tadawul,2025-09-30,36.200,34.820,35.260,38.750,45.400,45.150,49.800,30.000,60.400,30.000,79.400,30.000,2025-09-30 21:51:15.628349+03:00,2025-09-30 21:55:16.077868+03:00
2220.SR,National Metal Manufacturing and Casting Co.,Tadawul,2025-09-30,17.930,16.190,16.420,15.040,18.460,17.380,18.960,12.520,22.960,12.520,40.697,12.520,2025-09-30 21:55:20.496544+03:00,2025-09-30 21:55:20.496544+03:00
2300.SR,Saudi Paper Manufacturing Company,Tadawul,2025-09-30,57.300,51.700,63.250,55.000,65.700,63.500,72.200,48.300,82.878,18.569,82.878,15.145,2025-09-30 21:55:24.895564+03:00,2025-09-30 21:55:24.895564+03:00
1323.SR,United Carton Industries Company,Tadawul,2025-09-30,31.660,29.320,36.500,,,,54.500,26.920,54.500,26.920,54.500,26.920,2025-09-30 21:55:29.098398+03:00,2025-09-30 21:55:29.098398+03:00
3008.SR,Al Kathiri Holding Company,Tadawul,2025-09-30,2.160,2.100,2.230,2.230,2.660,2.630,2.930,1.860,4.190,1.680,4.800,1.680,2025-09-30 21:55:33.664266+03:00,2025-09-30 21:55:33.664266+03:00
1301.SR,United Wire Factories Company,Tadawul,2025-09-30,24.600,22.860,23.390,25.350,30.150,30.364,32.122,19.840,37.394,19.840,46.328,19.840,2025-09-30 21:55:38.138794+03:00,2025-09-30 21:55:38.138794+03:00
1320.SR,Saudi Steel Pipes Company,Tadawul,2025-09-30,53.300,48.980,55.750,58.410,63.622,64.507,76.503,46.000,91.397,16.821,91.397,16.821,2025-09-30 21:55:42.520087+03:00,2025-09-30 21:55:42.520087+03:00
2090.SR,National Gypsum Company,Tadawul,2025-09-30,20.600,18.990,22.740,21.380,22.160,22.620,24.980,15.600,30.500,15.600,55.354,15.600,2025-09-30 21:55:47.029321+03:00,2025-09-30 21:55:47.029321+03:00
2200.SR,Arabian Pipes Company,Tadawul,2025-09-30,6.250,5.550,6.430,7.608,8.862,12.091,13.860,5.010,14.351,2.195,14.351,2.159,2025-09-30 21:55:51.394785+03:00,2025-09-30 21:55:51.394785+03:00
2240.SR,Zamil Industrial Investment Company,Tadawul,2025-09-30,33.500,33.940,45.220,34.850,37.050,24.600,48.850,24.120,48.850,15.300,48.850,15.300,2025-09-30 21:55:55.756469+03:00,2025-09-30 21:55:55.756469+03:00
2360.SR,Saudi Vitrified Clay Pipe Company,Tadawul,2025-09-30,28.400,27.060,31.120,35.000,41.500,40.400,43.750,25.200,56.900,25.200,132.400,25.200,2025-09-30 21:56:00.350606+03:00,2025-09-30 21:56:00.350606+03:00
1210.SR,Basic Chemical Industries Company,Tadawul,2025-09-30,27.940,26.820,27.000,27.389,30.668,28.740,32.886,24.110,38.384,24.110,47.479,24.110,2025-09-30 21:56:04.625696+03:00,2025-09-30 21:56:04.625696+03:00
1211.SR,Saudi Arabian Mining Company (Ma'aden),Tadawul,2025-09-30,64.000,52.400,53.400,44.050,48.800,48.550,64.000,37.850,67.800,35.400,67.800,12.333,2025-09-30 21:56:08.983849+03:00,2025-09-30 21:56:08.983849+03:00
1304.SR,Al Yamamah Steel Industries Company,Tadawul,2025-09-30,36.700,33.460,32.200,33.450,37.685,32.365,40.690,26.500,42.857,19.961,53.105,18.333,2025-09-30 21:56:13.519704+03:00,2025-09-30 21:56:13.519704+03:00
1321.SR,East Pipes Integrated Company for Industry,Tadawul,2025-09-30,128.700,105.900,122.266,143.785,135.764,144.945,169.216,98.008,170.257,34.433,170.257,34.433,2025-09-30 21:56:17.793124+03:00,2025-09-30 21:56:17.793124+03:00
2223.SR,Saudi Aramco Base Oil Company - Luberef,Tadawul,2025-09-30,89.150,85.400,104.100,101.314,107.137,119.170,128.098,81.300,163.925,78.347,163.925,78.347,2025-09-30 21:56:22.106624+03:00,2025-09-30 21:56:22.106624+03:00
2001.SR,Methanol Chemicals Company,Tadawul,2025-09-30,10.800,10.250,13.670,13.400,17.820,15.860,19.100,9.660,35.000,9.660,49.700,9.660,2025-09-30 21:56:26.608969+03:00,2025-09-30 21:56:26.608969+03:00
2010.SR,Saudi Basic Industries Corporation,Tadawul,2025-09-30,61.550,60.250,55.308,61.302,63.661,69.172,72.497,51.654,84.952,51.654,118.526,51.654,2025-09-30 21:56:31.152500+03:00,2025-09-30 21:56:31.152500+03:00
2020.SR,SABIC Agri-Nutrients Company,Tadawul,2025-09-30,119.200,118.400,105.322,100.954,103.038,109.655,124.000,91.926,145.850,91.926,159.691,57.972,2025-09-30 21:56:35.523294+03:00,2025-09-30 21:56:35.523294+03:00
2060.SR,National Industrialization Company,Tadawul,2025-09-30,11.210,10.690,9.880,9.200,10.020,10.780,11.580,8.530,15.700,8.530,27.400,8.530,2025-09-30 21:56:39.865056+03:00,2025-09-30 21:56:39.865056+03:00
2170.SR,Alujain Corporation,Tadawul,2025-09-30,35.820,36.540,37.100,37.497,36.297,38.745,41.002,30.439,50.700,30.439,76.242,30.439,2025-09-30 21:56:44.355027+03:00,2025-09-30 21:56:44.355027+03:00
2210.SR,Nama Chemicals Company,Tadawul,2025-09-30,27.060,25.740,28.640,30.300,27.900,26.000,31.850,24.200,47.200,23.540,50.000,23.540,2025-09-30 21:56:48.657222+03:00,2025-09-30 21:56:48.657222+03:00
2250.SR,Saudi Industrial Investment Group,Tadawul,2025-09-30,19.160,19.600,16.900,6.296,6.669,7.755,20.000,5.723,20.000,5.723,20.000,5.723,2025-09-30 21:56:53.349929+03:00,2025-09-30 21:56:53.349929+03:00
2290.SR,Yanbu National Petrochemical Company,Tadawul,2025-09-30,34.940,32.300,29.729,32.790,34.828,39.176,40.452,27.446,43.844,27.446,70.638,27.446,2025-09-30 21:56:57.643313+03:00,2025-09-30 21:56:57.643313+03:00
2310.SR,Sahara International Petrochemical Company,Tadawul,2025-09-30,20.400,19.340,19.360,20.081,22.967,26.697,28.082,17.254,37.877,17.254,49.183,10.892,2025-09-30 21:57:02.384296+03:00,2025-09-30 21:57:02.384296+03:00
2330.SR,Advanced Petrochemical Company,Tadawul,2025-09-30,35.460,35.200,30.500,29.900,31.650,37.500,38.750,25.850,50.097,25.850,71.642,25.850,2025-09-30 21:57:07.061277+03:00,2025-09-30 21:57:07.061277+03:00
2350.SR,Saudi Kayan Petrochemical Company,Tadawul,2025-09-30,5.650,4.950,5.250,6.110,6.850,7.880,8.430,4.460,14.420,4.460,24.060,4.460,2025-09-30 21:57:11.377159+03:00,2025-09-30 21:57:11.377159+03:00
3002.SR,Najran Cement Company,Tadawul,2025-09-30,7.970,7.990,8.250,8.800,8.960,8.980,9.670,7.660,15.079,7.660,23.154,7.660,2025-09-30 21:57:15.723574+03:00,2025-09-30 21:57:15.723574+03:00
3003.SR,City Cement Company,Tadawul,2025-09-30,15.760,15.910,16.842,21.018,17.034,16.341,21.057,14.980,23.480,14.823,26.153,14.823,2025-09-30 21:57:20.110460+03:00,2025-09-30 21:57:20.110460+03:00
7010.SR,Saudi Telecom Company,Tadawul,2025-09-30,44.080,41.820,41.947,44.871,39.126,40.140,47.114,37.921,47.114,30.530,47.114,30.530,2025-09-30 21:28:48.409666+03:00,2025-10-01 00:49:48.499268+03:00
3004.SR,Northern Region Cement Company,Tadawul,2025-09-30,8.230,7.690,7.800,9.040,9.370,8.725,10.100,7.400,11.724,7.400,17.454,7.400,2025-09-30 21:57:24.380118+03:00,2025-09-30 21:57:24.380118+03:00
3010.SR,Arabian Cement Company,Tadawul,2025-09-30,22.020,21.440,22.776,25.855,22.961,22.942,26.425,20.430,35.232,20.430,37.620,20.430,2025-09-30 21:57:28.681767+03:00,2025-09-30 21:57:28.681767+03:00
3020.SR,YAMAMA Cement Company,Tadawul,2025-09-30,31.740,32.600,34.840,38.830,32.310,29.342,39.463,28.028,39.463,23.168,39.463,22.417,2025-09-30 21:57:32.994028+03:00,2025-09-30 21:57:32.994028+03:00
3030.SR,Saudi Cement Company,Tadawul,2025-09-30,40.640,38.300,39.500,43.211,38.400,38.400,44.061,37.011,54.429,37.011,54.429,37.011,2025-09-30 21:57:37.376595+03:00,2025-09-30 21:57:37.376595+03:00
3040.SR,Qassim Cement Company,Tadawul,2025-09-30,43.060,40.837,49.968,52.238,49.066,49.314,52.431,40.053,67.037,40.053,79.051,40.053,2025-09-30 21:57:41.794801+03:00,2025-09-30 21:57:41.794801+03:00
3050.SR,Southern Province Cement Company,Tadawul,2025-09-30,27.220,25.500,28.860,33.079,32.006,32.542,34.396,25.260,53.384,25.260,80.967,25.260,2025-09-30 21:57:46.124728+03:00,2025-09-30 21:57:46.124728+03:00
3060.SR,Yanbu Cement Company,Tadawul,2025-09-30,17.200,16.040,19.444,23.251,22.688,21.562,24.766,15.820,40.708,15.820,40.708,15.820,2025-09-30 21:57:50.504040+03:00,2025-09-30 21:57:50.504040+03:00
3080.SR,Eastern Province Cement Company,Tadawul,2025-09-30,27.000,25.320,30.602,34.591,32.548,30.030,35.542,25.060,43.006,25.060,45.148,25.060,2025-09-30 21:57:54.797078+03:00,2025-09-30 21:57:54.797078+03:00
3090.SR,Tabuk Cement Company,Tadawul,2025-09-30,10.110,10.240,10.714,12.529,12.280,11.367,13.928,9.767,16.681,9.767,23.148,9.767,2025-09-30 21:57:59.127080+03:00,2025-09-30 21:57:59.127080+03:00
3091.SR,Al Jouf Cement Company,Tadawul,2025-09-30,6.800,6.640,7.610,10.700,10.440,10.240,12.940,6.390,13.920,6.390,19.684,6.390,2025-09-30 21:58:03.345174+03:00,2025-09-30 21:58:03.345174+03:00
3005.SR,Umm Al-Qura Cement Company,Tadawul,2025-09-30,15.090,14.540,17.080,20.220,17.940,16.360,20.340,14.280,21.520,14.280,34.111,14.280,2025-09-30 21:58:07.763559+03:00,2025-09-30 21:58:07.763559+03:00
3092.SR,Riyadh Cement Company,Tadawul,2025-09-30,28.540,29.155,30.295,34.498,27.972,24.662,34.778,24.242,34.778,20.320,34.778,19.539,2025-09-30 21:58:12.085842+03:00,2025-09-30 21:58:12.085842+03:00
4142.SR,Riyadh Cables Group Company,Tadawul,2025-09-30,127.000,129.200,142.800,126.381,148.626,93.605,162.406,93.605,162.406,33.136,162.406,33.136,2025-09-30 21:58:16.468621+03:00,2025-09-30 21:58:16.468621+03:00
1214.SR,Al Hassan Ghazi Ibrahim Shaker Company,Tadawul,2025-09-30,27.100,26.660,27.500,28.047,28.882,25.444,31.387,22.870,32.913,14.224,38.676,13.464,2025-09-30 21:58:20.823521+03:00,2025-09-30 21:58:20.823521+03:00
1212.SR,Astra Industrial Group Company,Tadawul,2025-09-30,139.000,143.300,157.000,151.777,182.367,153.541,202.957,123.147,202.957,42.603,202.957,18.491,2025-09-30 21:58:25.117611+03:00,2025-09-30 21:58:25.117611+03:00
1302.SR,Bawan Company,Tadawul,2025-09-30,59.100,57.800,52.150,53.800,56.000,39.900,63.500,39.100,63.500,24.956,63.500,14.470,2025-09-30 21:58:29.410004+03:00,2025-09-30 21:58:29.410004+03:00
2370.SR,Middle East Specialized Cables Company,Tadawul,2025-09-30,30.840,31.000,33.900,36.294,41.950,38.605,47.261,27.540,47.261,8.459,47.261,8.459,2025-09-30 21:58:33.712875+03:00,2025-09-30 21:58:33.712875+03:00
1303.SR,Electrical Industries Company,Tadawul,2025-09-30,10.940,9.310,8.353,5.877,7.155,6.711,11.170,4.822,11.170,0.824,11.170,0.645,2025-09-30 21:58:38.065727+03:00,2025-09-30 21:58:38.065727+03:00
2320.SR,Al-Babtain Power and Telecommunications Company,Tadawul,2025-09-30,57.800,55.250,54.033,43.472,36.905,38.706,59.830,33.733,59.830,12.275,59.830,12.275,2025-09-30 21:58:42.326741+03:00,2025-09-30 21:58:42.326741+03:00
2160.SR,The Saudi Arabian Amiantit Company,Tadawul,2025-09-30,21.610,19.050,22.290,23.860,29.500,27.950,35.150,18.020,80.300,18.020,105.854,18.020,2025-09-30 21:58:46.801000+03:00,2025-09-30 21:58:46.801000+03:00
2110.SR,Saudi Cable Company,Tadawul,2025-09-30,157.500,149.200,142.200,123.000,105.400,72.700,159.200,72.200,159.200,55.500,186.436,55.500,2025-09-30 21:58:51.117084+03:00,2025-09-30 21:58:51.117084+03:00
2040.SR,Saudi Ceramic Company,Tadawul,2025-09-30,32.100,28.320,31.381,28.233,34.037,28.282,36.742,23.610,36.742,17.849,51.040,17.849,2025-09-30 21:58:55.441184+03:00,2025-09-30 21:58:55.441184+03:00
4110.SR,Batic Investments and Logistics Company,Tadawul,2025-09-30,2.290,2.210,2.370,2.720,3.680,3.550,4.100,1.960,4.100,1.730,4.100,1.565,2025-09-30 21:58:59.906729+03:00,2025-09-30 21:58:59.906729+03:00
4140.SR,Saudi Industrial Export Company,Tadawul,2025-09-30,2.120,2.040,2.330,2.300,2.490,2.750,3.020,1.960,4.270,1.960,11.620,1.960,2025-09-30 21:59:04.124041+03:00,2025-09-30 21:59:04.124041+03:00
4145.SR,Al Obeikan Glass Company,Tadawul,2025-09-30,33.520,27.096,34.560,38.379,45.321,48.118,57.857,24.590,68.426,24.590,71.189,24.590,2025-09-30 21:59:08.724280+03:00,2025-09-30 21:59:08.724280+03:00
4144.SR,Raoom Trading Co.,Tadawul,2025-09-30,64.000,56.222,65.013,84.197,89.057,65.165,101.062,54.000,101.062,44.115,101.062,32.263,2025-09-30 21:59:13.291397+03:00,2025-09-30 21:59:13.291397+03:00
4141.SR,Al-Omran Industrial Trading Company,Tadawul,2025-09-30,30.840,26.860,29.020,33.950,40.800,35.700,42.950,24.940,52.909,24.940,76.907,24.940,2025-09-30 21:59:17.630245+03:00,2025-09-30 21:59:17.630245+03:00
4270.SR,Saudi Printing and Packaging Co.,Tadawul,2025-09-30,11.260,11.290,13.500,10.420,12.480,13.260,14.640,8.610,20.900,8.610,33.300,8.610,2025-09-30 21:59:21.913611+03:00,2025-09-30 21:59:21.913611+03:00
1831.SR,Maharah for Human Resources Company,Tadawul,2025-09-30,4.770,4.800,4.996,5.620,6.008,6.503,7.279,4.390,8.021,3.674,8.021,3.674,2025-09-30 21:59:26.273387+03:00,2025-09-30 21:59:26.273387+03:00
1832.SR,Sadr Logistics Company,Tadawul,2025-09-30,2.930,2.930,3.070,3.130,3.280,3.230,3.850,2.580,5.280,2.580,14.360,2.580,2025-09-30 21:59:30.612417+03:00,2025-09-30 21:59:30.612417+03:00
6004.SR,CATRION Catering Holding Company,Tadawul,2025-09-30,99.450,98.750,119.319,117.226,120.357,105.680,136.405,94.100,141.621,65.849,141.621,64.051,2025-09-30 21:59:34.912181+03:00,2025-09-30 21:59:34.912181+03:00
1835.SR,Tamkeen Human Resources Company,Tadawul,2025-09-30,57.700,55.650,51.885,50.356,60.295,,78.300,43.885,78.300,43.885,78.300,43.885,2025-09-30 21:59:39.125635+03:00,2025-09-30 21:59:39.125635+03:00
1833.SR,Almawarid Manpower Company,Tadawul,2025-09-30,123.900,126.800,134.411,136.885,106.292,105.311,155.988,101.193,155.988,66.941,155.988,66.941,2025-09-30 21:59:43.409773+03:00,2025-09-30 21:59:43.409773+03:00
1834.SR,Saudi Manpower Solutions Company,Tadawul,2025-09-30,6.080,5.860,5.850,5.937,7.249,7.785,8.504,5.123,10.737,5.123,10.737,5.123,2025-09-30 21:59:48.040454+03:00,2025-09-30 21:59:48.040454+03:00
4260.SR,United International Transportation Company,Tadawul,2025-09-30,73.950,67.600,71.237,78.791,79.770,80.748,85.936,64.833,96.507,40.340,96.507,28.030,2025-09-30 21:59:52.363428+03:00,2025-09-30 21:59:52.363428+03:00
4031.SR,Saudi Ground Services Company,Tadawul,2025-09-30,46.560,44.500,49.600,50.700,49.314,47.255,55.980,41.000,57.705,20.004,57.705,20.004,2025-09-30 21:59:56.692281+03:00,2025-09-30 21:59:56.692281+03:00
4261.SR,Theeb Rent A Car Company,Tadawul,2025-09-30,65.250,61.344,66.497,68.922,74.190,70.866,78.901,58.150,84.298,54.446,84.298,46.860,2025-09-30 22:00:00.982886+03:00,2025-09-30 22:00:00.982886+03:00
4262.SR,Lumi Rental Company,Tadawul,2025-09-30,62.250,58.650,61.200,67.100,69.900,75.100,82.100,54.000,125.000,54.000,125.000,54.000,2025-09-30 22:00:05.339713+03:00,2025-09-30 22:00:05.339713+03:00
4263.SR,SAL Saudi Logistics Services Co,Tadawul,2025-09-30,181.000,169.000,185.321,190.715,255.998,258.748,284.233,153.359,317.471,111.519,317.471,111.519,2025-09-30 22:00:09.606585+03:00,2025-09-30 22:00:09.606585+03:00
4264.SR,Flynas Company,Tadawul,2025-09-30,76.800,76.200,79.350,,,,84.100,69.000,84.100,69.000,84.100,69.000,2025-09-30 22:00:13.854957+03:00,2025-09-30 22:00:13.854957+03:00
4040.SR,Saudi Public Transport Company,Tadawul,2025-09-30,13.480,13.510,14.000,17.540,20.480,20.120,23.880,12.360,23.880,12.360,29.650,12.360,2025-09-30 22:00:18.323264+03:00,2025-09-30 22:00:18.323264+03:00
2190.SR,Sustained Infrastructure Holding Company,Tadawul,2025-09-30,33.000,34.260,34.000,28.959,31.201,28.276,36.320,22.914,39.977,18.063,47.486,17.845,2025-09-30 22:00:22.957587+03:00,2025-09-30 22:00:22.957587+03:00
4012.SR,Thob Al Aseel Company,Tadawul,2025-09-30,3.780,3.640,4.077,4.019,4.053,4.177,4.758,3.490,5.305,2.918,6.044,2.671,2025-09-30 22:00:27.503149+03:00,2025-09-30 22:00:27.503149+03:00
2340.SR,Artex Industrial Investment Company,Tadawul,2025-09-30,12.930,12.440,13.350,13.920,16.280,16.120,18.060,11.260,20.800,11.260,41.250,11.260,2025-09-30 22:00:31.840426+03:00,2025-09-30 22:00:31.840426+03:00
4011.SR,L'azurde Company for Jewelry,Tadawul,2025-09-30,13.130,12.610,13.300,13.040,14.380,13.600,14.900,11.580,18.229,11.154,27.226,11.154,2025-09-30 22:00:36.166382+03:00,2025-09-30 22:00:36.166382+03:00
4180.SR,Fitaihi Holding Group,Tadawul,2025-09-30,3.340,3.040,3.570,4.430,4.320,4.000,4.870,2.850,4.870,2.610,7.335,2.610,2025-09-30 22:00:40.494645+03:00,2025-09-30 22:00:40.494645+03:00
2130.SR,Saudi Industrial Development Co.,Tadawul,2025-09-30,28.920,29.000,30.900,27.900,30.050,27.600,35.700,22.200,43.556,22.200,77.481,22.200,2025-09-30 22:00:44.843416+03:00,2025-09-30 22:00:44.843416+03:00
1213.SR,Naseej International Trading Company,Tadawul,2025-09-30,91.100,98.800,100.000,93.600,102.600,70.500,115.400,67.800,115.400,19.223,138.798,15.530,2025-09-30 22:00:49.151722+03:00,2025-09-30 22:00:49.151722+03:00
6002.SR,Herfy Food Services Company,Tadawul,2025-09-30,22.460,21.700,24.460,20.520,25.250,25.500,28.800,18.000,40.700,18.000,76.807,18.000,2025-09-30 22:00:53.493163+03:00,2025-09-30 22:00:53.493163+03:00
1810.SR,Seera Holding Group,Tadawul,2025-09-30,29.000,28.400,24.980,24.360,22.500,22.300,29.580,20.680,35.800,16.460,35.800,14.920,2025-09-30 22:00:58.043597+03:00,2025-09-30 22:00:58.043597+03:00
4170.SR,Tourism Enterprise Company (Shams),Tadawul,2025-09-30,0.940,18.800,16.600,16.400,19.000,20.600,24.400,0.910,35.250,0.910,37.341,0.910,2025-09-30 22:01:02.379701+03:00,2025-09-30 22:01:02.379701+03:00
1820.SR,BAAN Holding Group Company,Tadawul,2025-09-30,2.280,2.210,2.540,2.290,2.500,2.530,3.080,1.770,3.370,1.710,6.217,1.710,2025-09-30 22:01:06.936919+03:00,2025-09-30 22:01:06.936919+03:00
6016.SR,Shatirah House Restaurant Co.,Tadawul,2025-09-30,16.020,15.700,16.420,17.920,21.440,,24.980,14.480,24.980,14.480,24.980,14.480,2025-09-30 22:01:11.378837+03:00,2025-09-30 22:01:11.378837+03:00
6018.SR,Sport Clubs Company,Tadawul,2025-09-30,10.110,11.380,,,,,13.460,7.590,13.460,7.590,13.460,7.590,2025-09-30 22:01:15.652414+03:00,2025-09-30 22:01:15.652414+03:00
6017.SR,Jahez International Company for Information Systems Technology,Tadawul,2025-09-30,22.110,22.040,27.680,30.150,30.450,,40.000,20.100,40.000,20.100,40.000,20.100,2025-09-30 22:01:19.931026+03:00,2025-09-30 22:01:19.931026+03:00
6013.SR,Development Works Food Company,Tadawul,2025-09-30,128.000,118.600,108.600,121.200,134.400,117.000,148.000,93.000,226.800,91.800,318.000,91.800,2025-09-30 22:01:24.261907+03:00,2025-09-30 22:01:24.261907+03:00
4290.SR,Al Khaleej Training and Education Company,Tadawul,2025-09-30,26.020,22.400,26.020,30.100,32.250,26.550,35.650,21.790,41.150,13.000,41.150,13.000,2025-09-30 22:01:29.051228+03:00,2025-09-30 22:01:29.051228+03:00
1830.SR,Leejam Sports Company,Tadawul,2025-09-30,143.000,147.800,138.387,146.989,181.410,193.094,206.858,115.323,235.401,68.371,235.401,53.793,2025-09-30 22:01:33.584125+03:00,2025-09-30 22:01:33.584125+03:00
4291.SR,National Company for Learning and Education,Tadawul,2025-09-30,158.900,162.800,161.200,161.400,202.400,202.089,242.111,138.200,242.111,55.690,242.111,37.339,2025-09-30 22:01:37.929082+03:00,2025-09-30 22:01:37.929082+03:00
4292.SR,Ataa Educational Company,Tadawul,2025-09-30,65.550,61.150,64.000,72.900,68.534,75.613,82.398,58.000,83.086,48.506,83.086,31.945,2025-09-30 22:01:42.260071+03:00,2025-09-30 22:01:42.260071+03:00
6014.SR,Alamar Foods Company,Tadawul,2025-09-30,51.700,49.920,55.758,71.989,72.184,71.803,81.660,47.260,155.517,47.260,155.517,47.260,2025-09-30 22:01:46.599905+03:00,2025-09-30 22:01:46.599905+03:00
6015.SR,Americana Restaurants International PLC,Tadawul,2025-09-30,2.020,2.010,2.350,2.135,2.224,2.562,2.741,1.768,4.597,1.768,4.597,1.768,2025-09-30 22:01:50.882899+03:00,2025-09-30 22:01:50.882899+03:00
6012.SR,Raydan Food Company,Tadawul,2025-09-30,14.280,12.900,14.360,19.160,22.600,24.420,26.500,12.160,34.900,12.160,82.553,12.160,2025-09-30 22:01:55.330942+03:00,2025-09-30 22:01:55.330942+03:00
4071.SR,Arabian Contracting Services Company,Tadawul,2025-09-30,100.700,84.850,106.800,133.600,148.800,172.727,185.455,79.700,271.273,79.700,271.273,75.774,2025-09-30 22:01:59.610732+03:00,2025-09-30 22:01:59.610732+03:00
4072.SR,MBC Group Co.,Tadawul,2025-09-30,36.360,28.900,35.920,44.900,52.700,42.500,60.500,27.560,87.800,27.500,87.800,27.500,2025-09-30 22:02:03.849729+03:00,2025-09-30 22:02:03.849729+03:00
4070.SR,"Tihama for Advertising, Public Relations and Marketing Company",Tadawul,2025-09-30,16.750,14.930,16.710,16.420,16.820,15.340,18.080,13.900,27.808,13.900,112.931,13.900,2025-09-30 22:02:08.116736+03:00,2025-09-30 22:02:08.116736+03:00
4210.SR,Saudi Research and Media Group,Tadawul,2025-09-30,182.500,167.700,190.000,175.400,291.800,288.000,309.000,136.200,335.600,135.000,335.600,67.000,2025-09-30 22:02:12.646348+03:00,2025-09-30 22:02:12.646348+03:00
4194.SR,Marketing Home Group Company for Trading Company,Tadawul,2025-09-30,75.000,80.800,,,,,93.000,66.000,93.000,66.000,93.000,66.000,2025-09-30 22:02:17.056807+03:00,2025-09-30 22:02:17.056807+03:00
4051.SR,Baazeem Trading Company,Tadawul,2025-09-30,6.360,5.420,5.806,6.099,6.428,5.866,6.923,4.779,7.454,4.779,14.315,4.405,2025-09-30 22:02:21.347500+03:00,2025-09-30 22:02:21.347500+03:00
4192.SR,Al-Saif Stores for Development & Investment Company,Tadawul,2025-09-30,6.710,6.980,7.250,7.740,8.070,8.030,8.430,6.680,12.100,6.680,12.100,6.680,2025-09-30 22:02:25.706941+03:00,2025-09-30 22:02:25.706941+03:00
4193.SR,Nice One Beauty Digital Marketing Company,Tadawul,2025-09-30,24.750,24.000,31.900,39.450,45.500,,69.700,22.010,69.700,22.010,69.700,22.010,2025-09-30 22:02:30.242778+03:00,2025-09-30 22:02:30.242778+03:00
4008.SR,Saudi Company for Hardware SACO,Tadawul,2025-09-30,29.540,27.860,30.080,31.000,33.000,33.750,38.700,25.300,45.700,24.900,76.700,24.900,2025-09-30 22:02:34.683438+03:00,2025-09-30 22:02:34.683438+03:00
4191.SR,Abdullah Saad Mohammed Abo Moati for Bookstores Company,Tadawul,2025-09-30,44.480,37.800,39.438,37.455,30.398,26.118,46.040,25.293,46.040,22.007,54.678,22.007,2025-09-30 22:02:39.033790+03:00,2025-09-30 22:02:39.033790+03:00
4003.SR,United Electronics Company,Tadawul,2025-09-30,89.650,90.350,85.355,91.025,87.814,87.245,99.465,81.542,99.465,57.147,99.465,43.783,2025-09-30 22:02:43.286469+03:00,2025-09-30 22:02:43.286469+03:00
4050.SR,Saudi Automotive Services Company,Tadawul,2025-09-30,56.350,50.700,60.650,67.100,65.500,76.300,85.900,49.020,96.609,27.709,96.609,24.796,2025-09-30 22:02:47.696873+03:00,2025-09-30 22:02:47.696873+03:00
4190.SR,Jarir Marketing Company,Tadawul,2025-09-30,13.950,12.880,12.403,12.418,12.131,11.975,14.560,11.768,15.427,11.482,18.054,11.482,2025-09-30 22:02:51.984371+03:00,2025-09-30 22:02:51.984371+03:00
4200.SR,Aldrees Petroleum and Transport Services Company,Tadawul,2025-09-30,125.300,117.000,126.800,138.800,118.948,127.656,152.792,109.600,152.792,48.281,152.792,34.134,2025-09-30 22:02:56.225544+03:00,2025-09-30 22:02:56.225544+03:00
4240.SR,Fawaz Abdulaziz Al Hokair & Company,Tadawul,2025-09-30,28.400,23.760,29.000,12.440,14.400,9.750,35.380,9.660,35.380,7.500,48.675,7.500,2025-09-30 22:03:00.567320+03:00,2025-09-30 22:03:00.567320+03:00
4160.SR,Thimar Development Holding Company,Tadawul,2025-09-30,44.440,40.480,36.600,41.200,43.800,46.600,58.800,31.720,59.000,11.562,59.000,11.562,2025-09-30 22:03:04.893955+03:00,2025-09-30 22:03:04.893955+03:00
4006.SR,Saudi Marketing Company,Tadawul,2025-09-30,17.190,15.960,18.060,20.980,23.200,22.660,24.440,15.040,31.500,15.040,41.010,15.040,2025-09-30 22:03:09.271334+03:00,2025-09-30 22:03:09.271334+03:00
4001.SR,Abdullah Al-Othaim Markets Company,Tadawul,2025-09-30,7.750,7.400,7.757,9.273,10.021,10.847,11.999,7.058,13.991,7.058,13.991,7.058,2025-09-30 22:03:13.646406+03:00,2025-09-30 22:03:13.646406+03:00
4162.SR,Almunajem Foods Company,Tadawul,2025-09-30,60.950,55.350,78.450,83.635,92.993,105.570,116.764,53.300,122.275,49.847,122.275,47.510,2025-09-30 22:03:18.030778+03:00,2025-09-30 22:03:18.030778+03:00
4164.SR,Nahdi Medical Company,Tadawul,2025-09-30,119.000,117.000,127.689,113.501,111.740,122.037,129.254,103.717,185.319,103.717,185.496,103.717,2025-09-30 22:03:22.308456+03:00,2025-09-30 22:03:22.308456+03:00
4163.SR,Al-Dawaa Medical Services Company,Tadawul,2025-09-30,66.300,64.600,78.158,76.470,75.068,88.270,92.915,61.750,116.822,61.750,116.822,57.150,2025-09-30 22:03:26.709437+03:00,2025-09-30 22:03:26.709437+03:00
4161.SR,BinDawood Holding Company,Tadawul,2025-09-30,5.650,5.360,6.450,6.152,6.388,6.858,7.818,5.170,9.317,4.145,10.569,4.145,2025-09-30 22:03:31.145414+03:00,2025-09-30 22:03:31.145414+03:00
4061.SR,Anaam International Holding Group Company,Tadawul,2025-09-30,16.290,15.510,16.050,17.120,25.600,25.200,31.000,13.620,31.000,13.620,93.191,13.620,2025-09-30 22:03:35.574374+03:00,2025-09-30 22:03:35.574374+03:00
6001.SR,Halwani Bros. Co. Ltd.,Tadawul,2025-09-30,40.560,39.780,44.860,51.600,52.300,58.000,65.000,36.000,73.400,36.000,119.656,36.000,2025-09-30 22:03:39.799640+03:00,2025-09-30 22:03:39.799640+03:00
2282.SR,Naqi Water Company,Tadawul,2025-09-30,54.250,50.550,54.600,59.100,65.000,61.200,70.000,49.060,92.829,49.060,92.829,49.060,2025-09-30 22:03:44.146093+03:00,2025-09-30 22:03:44.146093+03:00
2283.SR,The First Milling Company,Tadawul,2025-09-30,53.200,50.950,53.224,58.871,56.680,63.062,67.540,47.526,93.097,47.526,93.097,47.526,2025-09-30 22:03:48.777398+03:00,2025-09-30 22:03:48.777398+03:00
2284.SR,Modern Mills for Food Products ,Tadawul,2025-09-30,32.820,31.000,31.518,37.585,38.576,43.298,46.131,28.688,73.418,28.688,73.418,28.688,2025-09-30 22:03:53.099795+03:00,2025-09-30 22:03:53.099795+03:00
2285.SR,Arabian Mills for Food Products,Tadawul,2025-09-30,41.840,40.900,43.680,47.318,47.318,64.865,71.568,37.000,71.568,37.000,71.568,37.000,2025-09-30 22:18:29.545964+03:00,2025-09-30 22:18:29.545964+03:00
2286.SR,Fourth Milling Co.,Tadawul,2025-09-30,3.800,3.910,3.922,3.971,3.799,,5.357,3.251,5.357,3.251,5.357,3.251,2025-09-30 22:18:33.938134+03:00,2025-09-30 22:18:33.938134+03:00
6010.SR,The National Agricultural Development Company,Tadawul,2025-09-30,21.810,21.010,21.650,24.900,23.980,26.500,28.150,18.200,36.050,9.371,36.050,9.371,2025-09-30 22:18:38.210164+03:00,2025-09-30 22:18:38.210164+03:00
6020.SR,Al Gassim Investment Holding Company,Tadawul,2025-09-30,19.000,15.720,17.120,18.440,19.400,18.300,21.460,15.120,28.300,14.600,35.000,14.600,2025-09-30 22:18:42.453385+03:00,2025-09-30 22:18:42.453385+03:00
6040.SR,Tabuk Agricultural Development Company,Tadawul,2025-09-30,10.440,10.030,11.250,12.360,15.600,16.820,18.440,9.400,21.500,9.400,46.450,9.400,2025-09-30 22:18:46.954999+03:00,2025-09-30 22:18:46.954999+03:00
6050.SR,Saudi Fisheries Company,Tadawul,2025-09-30,94.950,85.300,102.400,100.000,133.879,160.631,180.635,82.800,214.971,82.800,391.725,82.800,2025-09-30 22:18:51.525772+03:00,2025-09-30 22:18:51.525772+03:00
6060.SR,Ash-Sharqiyah Development Co.,Tadawul,2025-09-30,17.290,15.650,16.800,18.600,20.260,19.900,23.760,14.140,27.321,14.140,47.697,14.140,2025-09-30 22:18:55.824028+03:00,2025-09-30 22:18:55.824028+03:00
6070.SR,Al-Jouf Agricultural Development Co.,Tadawul,2025-09-30,46.980,44.000,44.040,47.791,57.290,61.149,69.163,40.650,72.648,39.562,94.664,29.683,2025-09-30 22:19:00.182404+03:00,2025-09-30 22:19:00.182404+03:00
6090.SR,Jazan Development and Investment Company,Tadawul,2025-09-30,10.820,10.180,11.090,11.400,13.540,13.100,14.360,9.150,19.780,9.150,27.850,9.150,2025-09-30 22:19:04.560988+03:00,2025-09-30 22:19:04.560988+03:00
2281.SR,Tanmiah Food Company,Tadawul,2025-09-30,82.550,77.500,96.800,117.311,112.041,131.755,141.710,76.050,151.777,76.050,151.777,56.572,2025-09-30 22:19:08.890229+03:00,2025-09-30 22:19:08.890229+03:00
2050.SR,Savola Group Company,Tadawul,2025-09-30,24.800,23.850,26.840,30.400,36.750,28.585,40.600,22.520,40.600,15.042,40.600,15.042,2025-09-30 22:19:13.354893+03:00,2025-09-30 22:19:13.354893+03:00
2100.SR,Wafrah for Industry and Development Company,Tadawul,2025-09-30,27.600,25.340,29.200,33.000,38.700,38.750,44.500,24.500,57.900,24.500,85.729,24.500,2025-09-30 22:19:17.830542+03:00,2025-09-30 22:19:17.830542+03:00
2270.SR,Saudia Dairy & Foodstuff Company,Tadawul,2025-09-30,270.000,254.282,274.485,295.465,316.078,334.948,361.933,246.706,401.277,170.727,401.277,126.762,2025-09-30 22:19:22.256772+03:00,2025-09-30 22:19:22.256772+03:00
2280.SR,Almarai Company,Tadawul,2025-09-30,50.300,47.120,51.250,53.887,54.574,54.574,60.365,45.680,68.472,45.680,68.472,43.010,2025-09-30 22:19:26.834994+03:00,2025-09-30 22:19:26.834994+03:00
2287.SR,Arabian Company for Agricultura,Tadawul,2025-09-30,40.100,39.460,43.200,52.983,,,71.962,36.000,71.962,36.000,71.962,36.000,2025-09-30 22:19:31.354562+03:00,2025-09-30 22:19:31.354562+03:00
4080.SR,Sinad Holding Company,Tadawul,2025-09-30,10.790,10.200,11.200,12.240,14.580,14.240,16.100,9.370,16.100,9.370,27.950,9.370,2025-09-30 22:19:35.768986+03:00,2025-09-30 22:19:35.768986+03:00
2140.SR,Ayyan Investment Company,Tadawul,2025-09-30,12.740,11.690,13.680,16.980,16.140,15.220,18.160,11.400,29.350,11.400,29.350,11.400,2025-09-30 22:19:40.050195+03:00,2025-09-30 22:19:40.050195+03:00
2230.SR,Saudi Chemical Holding Company,Tadawul,2025-09-30,7.250,6.590,7.260,8.545,9.220,10.750,11.843,6.060,12.161,2.354,12.161,2.354,2025-09-30 22:19:44.751507+03:00,2025-09-30 22:19:44.751507+03:00
4014.SR,Scientific and Medical Equipment House Company,Tadawul,2025-09-30,39.160,36.372,36.548,39.457,50.112,49.053,53.634,31.527,60.505,31.527,60.505,31.527,2025-09-30 22:19:49.124124+03:00,2025-09-30 22:19:49.124124+03:00
4017.SR,Dr. Soliman Abdel Kader Fakeeh ,Tadawul,2025-09-30,41.400,39.460,41.000,48.641,68.991,57.178,72.366,36.828,72.366,36.828,72.366,36.828,2025-09-30 22:19:53.442166+03:00,2025-09-30 22:19:53.442166+03:00
4013.SR,Dr. Sulaiman Al Habib Medical Services Group Company,Tadawul,2025-09-30,270.000,244.200,267.779,277.570,281.130,281.315,304.031,227.700,336.923,195.080,336.923,84.223,2025-09-30 22:19:57.963317+03:00,2025-09-30 22:19:57.963317+03:00
4005.SR,National Medical Care Company,Tadawul,2025-09-30,176.300,173.700,165.500,152.722,158.451,192.235,204.090,137.509,224.835,65.086,224.835,46.337,2025-09-30 22:20:03.275905+03:00,2025-09-30 22:20:03.275905+03:00
4002.SR,Mouwasat Medical Services Company,Tadawul,2025-09-30,73.650,72.000,76.250,72.110,83.803,93.548,98.810,63.924,138.125,63.924,138.125,56.444,2025-09-30 22:20:07.815670+03:00,2025-09-30 22:20:07.815670+03:00
4004.SR,Dallah Healthcare Company,Tadawul,2025-09-30,150.700,127.900,129.105,124.083,151.745,153.804,162.019,108.130,189.863,108.130,189.863,39.727,2025-09-30 22:20:12.322594+03:00,2025-09-30 22:20:12.322594+03:00
4007.SR,Al Hammadi Holding Company,Tadawul,2025-09-30,34.420,33.420,37.903,40.506,37.451,40.254,43.385,31.640,67.811,31.640,67.811,17.447,2025-09-30 22:20:17.046876+03:00,2025-09-30 22:20:17.046876+03:00
4009.SR,Middle East Healthcare Company,Tadawul,2025-09-30,57.200,57.250,57.301,66.421,68.404,68.999,84.068,49.271,133.239,24.784,133.239,24.784,2025-09-30 22:20:21.537023+03:00,2025-09-30 22:20:21.537023+03:00
4018.SR,Almoosa Health Company,Tadawul,2025-09-30,168.100,165.100,159.688,146.172,144.588,,183.641,125.375,183.641,125.375,183.641,125.375,2025-09-30 22:20:25.837719+03:00,2025-09-30 22:20:25.837719+03:00
4019.SR,Specialized Medical Company,Tadawul,2025-09-30,19.410,19.450,22.150,,,,25.000,17.620,25.000,17.620,25.000,17.620,2025-09-30 22:20:30.063683+03:00,2025-09-30 22:20:30.063683+03:00
2070.SR,Saudi Pharmaceutical Industries and Medical Appliances Corporation,Tadawul,2025-09-30,29.300,26.380,26.260,25.300,31.500,32.200,35.200,20.940,45.250,20.940,60.315,20.940,2025-09-30 22:20:34.376524+03:00,2025-09-30 22:20:34.376524+03:00
4015.SR,Jamjoom Pharmaceuticals Factory Company,Tadawul,2025-09-30,157.600,157.200,165.219,148.618,143.789,161.616,186.103,132.412,198.249,62.757,198.249,62.757,2025-09-30 22:20:38.659968+03:00,2025-09-30 22:20:38.659968+03:00
4016.SR,Middle East Pharmaceutical Industries Company,Tadawul,2025-09-30,125.400,126.200,120.054,127.854,118.820,129.426,140.620,107.067,192.967,88.085,192.967,88.085,2025-09-30 22:20:44.469191+03:00,2025-09-30 22:20:44.469191+03:00
1010.SR,Riyad Bank,Tadawul,2025-09-30,27.200,26.240,28.197,30.725,26.013,23.016,31.291,22.507,32.012,21.883,36.168,14.129,2025-09-30 22:20:48.739059+03:00,2025-09-30 22:20:48.739059+03:00
1020.SR,Bank AlJazira,Tadawul,2025-09-30,12.820,11.960,12.440,13.792,14.960,12.720,15.440,11.600,16.000,9.805,20.662,7.754,2025-09-30 22:20:53.218853+03:00,2025-09-30 22:20:53.218853+03:00
1030.SR,The Saudi Investment Bank,Tadawul,2025-09-30,14.260,13.810,14.250,14.114,13.574,12.306,14.853,12.211,14.853,10.187,15.800,7.408,2025-09-30 22:20:58.365665+03:00,2025-09-30 22:20:58.365665+03:00
1050.SR,Banque Saudi Fransi,Tadawul,2025-09-30,17.850,16.290,17.446,17.226,14.437,14.516,18.320,13.721,19.120,13.263,22.645,10.694,2025-09-30 22:21:03.016662+03:00,2025-09-30 22:21:03.016662+03:00
1060.SR,Saudi Awwal Bank,Tadawul,2025-09-30,32.080,30.240,33.447,34.637,30.966,32.002,35.766,28.990,38.293,27.346,39.204,19.017,2025-09-30 22:21:07.523428+03:00,2025-09-30 22:21:07.523428+03:00
1080.SR,Arab National Bank,Tadawul,2025-09-30,24.710,23.100,21.478,22.216,19.182,17.733,25.820,17.243,25.820,14.602,25.820,11.155,2025-09-30 22:21:12.095412+03:00,2025-09-30 22:21:12.095412+03:00
1140.SR,Bank Albilad,Tadawul,2025-09-30,28.840,25.520,26.208,29.819,32.194,30.843,33.300,22.983,34.143,22.206,38.049,10.829,2025-09-30 22:21:16.474813+03:00,2025-09-30 22:21:16.474813+03:00
1150.SR,Alinma Bank,Tadawul,2025-09-30,26.800,24.770,26.829,29.627,28.998,26.488,30.305,24.239,33.944,19.846,33.944,10.365,2025-09-30 22:21:21.010475+03:00,2025-09-30 22:21:21.010475+03:00
1180.SR,The Saudi National Bank,Tadawul,2025-09-30,39.180,35.820,36.319,34.256,31.282,31.471,39.540,30.148,43.206,25.788,52.329,22.865,2025-09-30 22:21:25.482907+03:00,2025-09-30 22:21:25.482907+03:00
4083.SR,United International Holding Company,Tadawul,2025-09-30,160.000,151.600,156.600,171.600,188.000,,200.000,143.000,200.000,143.000,200.000,143.000,2025-09-30 22:21:29.812520+03:00,2025-09-30 22:21:29.812520+03:00
1183.SR,SHL Finance Company,Tadawul,2025-09-30,21.000,21.070,16.940,18.640,18.420,15.400,24.900,15.280,24.900,14.520,24.900,14.520,2025-09-30 22:21:34.319967+03:00,2025-09-30 22:21:34.319967+03:00
1182.SR,Amlak International Finance Company,Tadawul,2025-09-30,12.700,12.690,11.520,12.600,13.360,12.400,14.000,9.300,14.809,9.300,21.381,9.300,2025-09-30 22:21:38.855357+03:00,2025-09-30 22:21:38.855357+03:00
4081.SR,Nayifat Finance Company,Tadawul,2025-09-30,13.430,12.590,13.094,12.596,14.451,13.133,15.017,11.268,19.527,11.268,26.688,11.268,2025-09-30 22:21:43.316286+03:00,2025-09-30 22:21:43.316286+03:00
1111.SR,Saudi Tadawul Group Holding Company,Tadawul,2025-09-30,206.000,167.000,177.300,194.387,209.899,218.146,246.028,160.000,277.141,129.382,277.141,115.504,2025-09-30 22:21:47.574733+03:00,2025-09-30 22:21:47.574733+03:00
4082.SR,Morabaha Marina Financing Company,Tadawul,2025-09-30,11.030,11.070,11.330,11.800,11.940,10.600,12.730,10.420,16.403,9.583,16.403,9.583,2025-09-30 22:21:52.724661+03:00,2025-09-30 22:21:52.724661+03:00
4084.SR,Derayah Financial Company,Tadawul,2025-09-30,31.700,26.820,27.032,33.877,,,42.858,22.747,42.858,22.747,42.858,22.747,2025-09-30 22:21:56.977782+03:00,2025-09-30 22:21:56.977782+03:00
2120.SR,Saudi Advanced Industries Company,Tadawul,2025-09-30,25.020,23.270,28.320,29.678,33.677,32.954,36.423,21.873,46.539,19.716,46.539,10.725,2025-09-30 22:22:01.514105+03:00,2025-09-30 22:22:01.514105+03:00
4280.SR,Kingdom Holding Company,Tadawul,2025-09-30,7.700,7.760,8.327,8.427,8.702,10.711,11.492,7.030,11.492,6.506,11.492,6.032,2025-09-30 22:22:05.912498+03:00,2025-09-30 22:22:05.912498+03:00
4130.SR,Darb Saudi Investment Company,Tadawul,2025-09-30,3.010,3.030,3.510,3.800,4.600,4.083,6.261,2.710,6.261,1.497,6.261,1.497,2025-09-30 22:22:10.262267+03:00,2025-09-30 22:22:10.262267+03:00
8313.SR,Rasan Information Technology Company,Tadawul,2025-09-30,102.400,98.500,86.000,81.300,85.000,58.000,107.200,57.600,107.200,37.000,107.200,37.000,2025-09-30 22:22:14.612725+03:00,2025-09-30 22:22:14.612725+03:00
8010.SR,The Company for Cooperative Insurance,Tadawul,2025-09-30,136.000,119.400,157.600,134.468,147.322,140.203,161.000,114.200,172.752,57.282,172.752,43.245,2025-09-30 22:22:18.977085+03:00,2025-09-30 22:22:18.977085+03:00
8020.SR,Malath Cooperative Insurance Company,Tadawul,2025-09-30,13.400,13.250,13.400,13.940,17.120,14.340,18.840,11.580,26.350,10.340,35.400,10.340,2025-09-30 22:22:23.312493+03:00,2025-09-30 22:22:23.312493+03:00
8030.SR,The Mediterranean and Gulf Cooperative Insurance and Reinsurance Company,Tadawul,2025-09-30,17.230,16.080,19.500,21.880,26.750,23.100,29.650,14.770,35.050,7.600,35.050,7.600,2025-09-30 22:22:27.689742+03:00,2025-09-30 22:22:27.689742+03:00
8060.SR,Walaa Cooperative Insurance Company,Tadawul,2025-09-30,12.200,12.110,16.460,19.840,19.960,20.580,25.200,10.800,35.300,10.800,35.300,10.800,2025-09-30 22:22:32.083875+03:00,2025-09-30 22:22:32.083875+03:00
8040.SR,Mutakamela Insurance Company,Tadawul,2025-09-30,14.080,13.860,16.000,15.100,16.140,14.700,20.380,12.850,22.460,12.520,31.050,12.180,2025-09-30 22:22:36.445221+03:00,2025-09-30 22:22:36.445221+03:00
8070.SR,Arabian Shield Cooperative Insurance Company,Tadawul,2025-09-30,13.910,13.250,16.200,17.980,19.600,18.400,21.540,12.150,24.860,12.150,28.500,12.150,2025-09-30 22:22:40.805343+03:00,2025-09-30 22:22:40.805343+03:00
8050.SR,Salama Cooperative Insurance Company,Tadawul,2025-09-30,12.490,11.780,13.680,15.560,21.060,24.840,28.550,10.600,36.700,8.109,49.128,8.109,2025-09-30 22:22:45.212554+03:00,2025-09-30 22:22:45.212554+03:00
8100.SR,Saudi Arabian Cooperative Insurance Company,Tadawul,2025-09-30,14.300,13.160,15.390,15.640,15.860,15.440,19.860,12.430,22.300,11.220,24.680,11.220,2025-09-30 22:22:49.616508+03:00,2025-09-30 22:22:49.616508+03:00
8012.SR,Aljazira Takaful Taawuni Company,Tadawul,2025-09-30,12.790,12.210,13.460,14.299,16.389,15.569,17.288,11.770,20.176,11.278,22.759,11.278,2025-09-30 22:22:53.876165+03:00,2025-09-30 22:22:53.876165+03:00
8120.SR,Gulf Union Alahlia Cooperative Insurance Company,Tadawul,2025-09-30,13.440,12.760,14.940,14.980,16.120,14.880,17.940,11.380,25.700,7.820,25.700,7.820,2025-09-30 22:22:58.320670+03:00,2025-09-30 22:22:58.320670+03:00
8150.SR,Allied Cooperative Insurance Group,Tadawul,2025-09-30,10.790,10.220,12.320,14.820,14.740,13.600,19.000,9.450,21.760,9.450,44.540,9.450,2025-09-30 22:23:02.570798+03:00,2025-09-30 22:23:02.570798+03:00
8160.SR,Arabia Insurance Cooperative Company,Tadawul,2025-09-30,11.290,10.770,12.030,13.040,13.560,13.220,14.080,10.210,17.700,9.990,39.104,9.990,2025-09-30 22:23:07.024242+03:00,2025-09-30 22:23:07.024242+03:00
8170.SR,Al-Etihad Cooperative Insurance Company,Tadawul,2025-09-30,11.170,10.830,13.770,14.356,17.036,16.787,22.204,10.000,24.114,10.000,24.114,10.000,2025-09-30 22:23:11.567309+03:00,2025-09-30 22:23:11.567309+03:00
8180.SR,Al Sagr Cooperative Insurance Company,Tadawul,2025-09-30,13.340,13.060,13.780,15.060,18.160,17.560,19.360,11.000,36.550,11.000,59.943,11.000,2025-09-30 22:23:15.857909+03:00,2025-09-30 22:23:15.857909+03:00
8190.SR,United Cooperative Assurance Company,Tadawul,2025-09-30,5.500,4.920,7.350,8.830,9.150,9.900,11.220,4.600,14.000,4.600,35.850,4.600,2025-09-30 22:23:20.147505+03:00,2025-09-30 22:23:20.147505+03:00
8200.SR,Saudi Reinsurance Company,Tadawul,2025-09-30,49.240,44.320,50.600,46.000,59.700,34.400,64.900,34.000,64.900,13.000,64.900,9.045,2025-09-30 22:23:24.638255+03:00,2025-09-30 22:23:24.638255+03:00
8210.SR,Bupa Arabia for Cooperative Insurance Company,Tadawul,2025-09-30,164.900,146.700,176.000,170.483,198.441,197.463,210.171,142.400,273.878,121.996,273.878,75.888,2025-09-30 22:23:29.241172+03:00,2025-09-30 22:23:29.241172+03:00
8230.SR,Al Rajhi Company for Cooperative Insurance,Tadawul,2025-09-30,121.300,117.300,123.300,142.800,176.800,175.800,191.800,102.000,230.000,31.440,230.000,26.680,2025-09-30 22:23:33.511624+03:00,2025-09-30 22:23:33.511624+03:00
8240.SR,Chubb Arabia Cooperative Insurance Company,Tadawul,2025-09-30,39.800,31.960,36.120,42.400,50.000,40.050,59.600,29.300,59.600,15.000,59.600,15.000,2025-09-30 22:23:37.968498+03:00,2025-09-30 22:23:37.968498+03:00
8250.SR,Gulf Insurance Group,Tadawul,2025-09-30,26.520,24.390,26.600,26.073,29.362,27.646,31.459,22.765,37.579,20.519,37.579,19.299,2025-09-30 22:23:42.257128+03:00,2025-09-30 22:23:42.257128+03:00
8260.SR,Gulf General Cooperative Insurance Company,Tadawul,2025-09-30,5.130,4.810,5.920,8.920,10.780,11.100,13.260,4.450,17.000,4.450,37.667,4.450,2025-09-30 22:23:46.940380+03:00,2025-09-30 22:23:46.940380+03:00
8270.SR,Buruj Cooperative Insurance Company,Tadawul,2025-09-30,17.390,16.380,17.970,18.460,19.900,18.500,24.080,14.620,24.540,14.620,33.450,14.620,2025-09-30 22:23:51.298539+03:00,2025-09-30 22:23:51.298539+03:00
8280.SR,Liva Insurance Company,Tadawul,2025-09-30,13.410,12.180,13.000,15.440,17.400,17.100,19.580,10.900,22.920,10.900,35.000,10.900,2025-09-30 22:23:55.659559+03:00,2025-09-30 22:23:55.659559+03:00
8300.SR,Wataniya Insurance Company,Tadawul,2025-09-30,15.990,15.150,17.530,21.800,26.800,26.250,29.400,13.880,34.000,12.560,37.576,12.560,2025-09-30 22:24:00.079106+03:00,2025-09-30 22:24:00.079106+03:00
8310.SR,Amana Cooperative Insurance Company,Tadawul,2025-09-30,8.040,7.470,8.600,9.390,10.960,10.920,12.720,7.100,17.000,7.100,82.615,7.100,2025-09-30 22:24:04.580857+03:00,2025-09-30 22:24:04.580857+03:00
8311.SR,Saudi Enaya Cooperative Insurance Company,Tadawul,2025-09-30,9.220,8.800,9.980,10.480,13.000,14.620,16.280,8.110,21.760,8.110,54.245,8.110,2025-09-30 22:24:08.905420+03:00,2025-09-30 22:24:08.905420+03:00
7020.SR,Etihad Etisalat Company,Tadawul,2025-09-30,67.550,62.900,58.431,58.529,51.013,48.808,68.450,47.801,68.450,28.060,68.450,23.754,2025-09-30 22:24:13.449930+03:00,2025-09-30 22:24:13.449930+03:00
7030.SR,Mobile Telecommunications Company Saudi Arabia,Tadawul,2025-09-30,11.160,10.520,10.630,11.365,9.846,10.192,12.846,9.750,14.510,8.756,14.510,8.756,2025-09-30 22:24:17.814461+03:00,2025-09-30 22:24:17.814461+03:00
7040.SR,Etihad Atheeb Telecommunication Company,Tadawul,2025-09-30,111.700,110.704,101.030,91.456,107.712,92.752,121.276,79.787,125.435,11.686,125.435,8.499,2025-09-30 22:24:22.232687+03:00,2025-09-30 22:24:22.232687+03:00
2080.SR,National Gas and Industrialization Company,Tadawul,2025-09-30,82.500,73.950,76.831,89.537,99.783,102.901,115.443,64.813,115.443,42.944,115.443,25.064,2025-09-30 22:24:26.776456+03:00,2025-09-30 22:24:26.776456+03:00
5110.SR,Saudi Electricity Company,Tadawul,2025-09-30,15.190,14.570,15.070,14.976,16.140,15.377,16.693,13.316,24.352,13.316,26.930,13.316,2025-09-30 22:24:31.191817+03:00,2025-09-30 22:24:31.191817+03:00
2081.SR,Alkhorayef Water and Power Technologies Company,Tadawul,2025-09-30,140.100,125.700,143.100,156.505,148.195,148.986,170.553,122.900,200.966,86.916,200.966,60.691,2025-09-30 22:24:35.562281+03:00,2025-09-30 22:24:35.562281+03:00
2082.SR,ACWA Power Company,Tadawul,2025-09-30,214.100,212.100,246.000,340.000,396.400,480.000,500.000,196.500,500.800,126.970,500.800,74.312,2025-09-30 22:24:39.879666+03:00,2025-09-30 22:24:39.879666+03:00
2083.SR,Power and Water Utility Company for Jubail and Yanbu,Tadawul,2025-09-30,39.520,38.600,43.400,46.500,53.000,55.200,60.300,36.500,88.337,36.500,88.337,36.500,2025-09-30 22:24:44.184293+03:00,2025-09-30 22:24:44.184293+03:00
2084.SR,Miahona Company Limited,Tadawul,2025-09-30,24.850,24.440,26.000,20.376,27.437,27.238,31.769,16.552,45.363,12.588,45.363,12.588,2025-09-30 22:24:48.491666+03:00,2025-09-30 22:24:48.491666+03:00
4330.SR,Riyad REIT Fund,Tadawul,2025-09-30,5.380,5.241,5.250,5.888,6.087,6.342,6.635,4.882,10.032,4.882,10.095,4.882,2025-09-30 22:24:52.732050+03:00,2025-09-30 22:24:52.732050+03:00
4331.SR,Aljazira Mawten REIT Fund,Tadawul,2025-09-30,13.740,13.120,13.900,14.400,15.400,16.123,17.838,11.920,21.267,11.920,30.359,11.920,2025-09-30 22:24:56.956620+03:00,2025-09-30 22:24:56.956620+03:00
4332.SR,Jadwa REIT Al Haramain Fund,Tadawul,2025-09-30,5.230,5.210,5.000,5.767,5.693,5.573,6.313,4.760,7.160,4.760,8.074,4.760,2025-09-30 22:25:01.425793+03:00,2025-09-30 22:25:01.425793+03:00
4333.SR,Taleem REIT Fund,Tadawul,2025-09-30,9.890,9.900,9.460,9.737,9.800,10.848,11.363,9.057,11.647,8.697,13.449,8.697,2025-09-30 22:25:05.876522+03:00,2025-09-30 22:25:05.876522+03:00
4334.SR,Al Maather Reit Fund,Tadawul,2025-09-30,9.000,9.020,8.895,9.126,8.773,8.550,9.744,8.289,9.744,6.753,9.744,5.420,2025-09-30 22:25:10.162533+03:00,2025-09-30 22:25:10.162533+03:00
4335.SR,Musharaka REIT Fund,Tadawul,2025-09-30,4.310,4.240,4.141,4.356,4.420,4.789,4.959,3.833,8.204,3.833,9.658,3.833,2025-09-30 22:25:14.625280+03:00,2025-09-30 22:25:14.625280+03:00
4336.SR,Mulkia Gulf Real Estate REIT,Tadawul,2025-09-30,4.790,4.630,4.661,4.841,5.086,5.343,5.380,4.376,7.380,4.376,8.150,4.376,2025-09-30 22:25:18.941228+03:00,2025-09-30 22:25:18.941228+03:00
4337.SR,Muscat Capital - Al Masha'ar REIT Fund,Tadawul,2025-09-30,4.160,4.130,4.250,3.840,3.930,4.120,4.780,3.480,6.670,3.480,12.447,3.480,2025-09-30 22:25:23.215884+03:00,2025-09-30 22:25:23.215884+03:00
4338.SR,Alahli Capital - Al-Ahli Reit Fund,Tadawul,2025-09-30,6.650,6.740,6.759,6.915,6.630,6.939,7.164,6.050,9.921,6.050,11.318,6.050,2025-09-30 22:25:27.498797+03:00,2025-09-30 22:25:27.498797+03:00
4344.SR,SEDCO Capital REIT Fund,Tadawul,2025-09-30,7.030,7.000,6.792,7.328,8.032,7.616,8.093,6.478,9.187,6.478,11.624,6.274,2025-09-30 22:25:31.783444+03:00,2025-09-30 22:25:31.783444+03:00
4339.SR,Derayah Financial - Derayah Reit Fund,Tadawul,2025-09-30,5.610,5.510,5.431,5.487,5.650,5.982,6.123,4.886,9.777,4.886,11.591,4.886,2025-09-30 22:25:36.125610+03:00,2025-09-30 22:25:36.125610+03:00
4340.SR,Al Rajhi REIT Fund,Tadawul,2025-09-30,8.330,8.240,8.150,8.151,8.016,7.922,8.420,7.792,8.563,6.995,10.507,6.715,2025-09-30 22:25:41.069276+03:00,2025-09-30 22:25:41.069276+03:00
4345.SR,Alinma Retail REIT Fund,Tadawul,2025-09-30,4.560,4.520,4.543,4.457,4.563,4.554,4.750,4.149,4.870,3.779,7.926,3.779,2025-09-30 22:25:45.568545+03:00,2025-09-30 22:25:45.568545+03:00
4342.SR,Jadwa Investment - Jadwa Reit Saudi Fund,Tadawul,2025-09-30,10.980,10.220,9.983,9.713,9.465,10.016,11.350,9.313,12.014,9.313,12.960,8.757,2025-09-30 22:25:49.830960+03:00,2025-09-30 22:25:49.830960+03:00
4346.SR,MEFIC REIT Fund,Tadawul,2025-09-30,3.730,3.620,3.740,3.940,4.060,4.290,4.370,3.440,5.627,3.440,7.695,3.440,2025-09-30 22:25:54.194786+03:00,2025-09-30 22:25:54.194786+03:00
4347.SR,Bonyan REIT Fund,Tadawul,2025-09-30,9.270,9.140,9.200,9.032,9.435,8.919,9.580,8.455,9.580,7.515,9.580,5.802,2025-09-30 22:25:58.572790+03:00,2025-09-30 22:25:58.572790+03:00
4348.SR,Alkhabeer REIT Fund,Tadawul,2025-09-30,5.760,5.690,5.586,5.613,5.514,5.641,5.873,5.249,6.464,5.249,7.477,5.249,2025-09-30 22:26:02.902253+03:00,2025-09-30 22:26:02.902253+03:00
4349.SR,Alinma Hospitality REIT,Tadawul,2025-09-30,8.230,8.200,8.041,7.964,7.933,7.813,8.310,7.378,8.619,7.058,8.619,7.058,2025-09-30 22:26:07.111816+03:00,2025-09-30 22:26:07.111816+03:00
4350.SR,Alistithmar AREIC Diversified REIT,Tadawul,2025-09-30,8.290,8.290,8.460,6.102,7.909,9.860,11.071,5.487,11.340,5.487,11.340,5.487,2025-09-30 22:26:11.358505+03:00,2025-09-30 22:26:11.358505+03:00
4020.SR,Saudi Real Estate Company,Tadawul,2025-09-30,15.850,17.750,19.050,24.000,25.100,24.000,29.950,14.940,29.950,10.820,29.950,10.820,2025-09-30 22:26:15.791466+03:00,2025-09-30 22:26:15.791466+03:00
4090.SR,Taiba Investment Company,Tadawul,2025-09-30,41.480,37.260,40.880,45.832,40.674,43.425,50.596,32.850,50.596,23.995,50.596,23.995,2025-09-30 22:26:20.244949+03:00,2025-09-30 22:26:20.244949+03:00
4150.SR,Arriyadh Development Co.,Tadawul,2025-09-30,29.540,33.651,33.691,33.255,33.796,27.352,37.781,25.630,37.781,15.547,37.781,14.152,2025-09-30 22:26:29.016287+03:00,2025-09-30 22:26:29.016287+03:00
4220.SR,Emaar The Economic City,Tadawul,2025-09-30,13.900,12.660,13.570,14.320,18.380,17.760,20.295,11.720,23.089,11.720,31.146,11.720,2025-09-30 22:26:33.486359+03:00,2025-09-30 22:26:33.486359+03:00
4250.SR,Jabal Omar Development Company,Tadawul,2025-09-30,19.380,18.350,19.820,25.750,20.980,23.240,27.700,17.210,31.500,16.140,37.250,16.140,2025-09-30 22:26:37.764527+03:00,2025-09-30 22:26:37.764527+03:00
4300.SR,Dar Al Arkan Real Estate Development Company,Tadawul,2025-09-30,19.940,18.330,18.890,21.700,15.520,13.620,23.940,13.600,23.940,11.060,23.940,7.880,2025-09-30 22:26:42.373241+03:00,2025-09-30 22:26:42.373241+03:00
4310.SR,Knowledge Economic City Company,Tadawul,2025-09-30,12.900,12.530,13.030,14.100,14.780,14.600,16.660,11.620,19.360,10.480,23.480,10.200,2025-09-30 22:26:47.088421+03:00,2025-09-30 22:26:47.088421+03:00
4320.SR,Alandalus Property Company,Tadawul,2025-09-30,20.000,19.890,21.138,23.003,24.312,22.925,26.167,17.517,30.219,13.578,30.219,12.055,2025-09-30 22:26:51.395627+03:00,2025-09-30 22:26:51.395627+03:00
4321.SR,Arabian Centres Company,Tadawul,2025-09-30,22.660,20.500,19.480,20.099,20.848,19.110,23.250,18.138,24.070,14.900,24.070,14.597,2025-09-30 22:26:55.739719+03:00,2025-09-30 22:26:55.739719+03:00
4322.SR,Retal Urban Development Company,Tadawul,2025-09-30,11.990,12.010,15.130,17.680,15.714,14.104,18.117,10.880,18.117,6.443,18.117,6.443,2025-09-30 22:27:00.062419+03:00,2025-09-30 22:27:00.062419+03:00
4326.SR,Dar Al Majed Real Estate Company,Tadawul,2025-09-30,12.800,,,,,,14.460,11.550,14.460,11.550,14.460,11.550,2025-09-30 22:27:04.292095+03:00,2025-09-30 22:27:04.292095+03:00
4323.SR,Sumou Real Estate Company,Tadawul,2025-09-30,40.240,37.380,40.220,46.416,48.146,39.051,54.770,34.750,67.489,34.750,67.489,34.750,2025-09-30 22:27:08.711337+03:00,2025-09-30 22:27:08.711337+03:00
4324.SR,Banan Real Estate Co.,Tadawul,2025-09-30,4.610,4.550,4.783,5.917,6.896,,8.954,4.017,8.954,4.017,8.954,4.017,2025-09-30 22:27:13.272152+03:00,2025-09-30 22:27:13.272152+03:00
4325.SR,Umm Al Qura for Development and,Tadawul,2025-09-30,24.700,22.770,24.930,25.100,,,26.980,16.500,26.980,16.500,26.980,16.500,2025-09-30 22:27:17.635071+03:00,2025-09-30 22:27:17.635071+03:00
4230.SR,Red Sea International Company,Tadawul,2025-09-30,44.900,43.800,46.500,41.500,62.500,59.700,80.000,32.100,80.000,19.900,80.000,19.900,2025-09-30 22:27:21.924216+03:00,2025-09-30 22:27:21.924216+03:00
7200.SR,Al Moammar Information Systems Company,Tadawul,2025-09-30,137.800,131.400,133.691,127.946,157.219,172.727,192.695,114.376,200.643,81.590,200.643,38.212,2025-09-30 22:27:26.383185+03:00,2025-09-30 22:27:26.383185+03:00
7201.SR,Arab Sea Information Systems Company,Tadawul,2025-09-30,5.470,5.200,5.540,5.950,6.700,6.900,8.080,4.670,9.000,4.670,20.780,4.670,2025-09-30 22:27:30.733853+03:00,2025-09-30 22:27:30.733853+03:00
7202.SR,Arabian Internet and Communication Services Company,Tadawul,2025-09-30,257.400,241.700,265.000,297.569,264.916,258.307,330.416,227.600,389.578,202.460,389.578,163.585,2025-09-30 22:27:35.260514+03:00,2025-09-30 22:27:35.260514+03:00
7203.SR,Elm Company,Tadawul,2025-09-30,895.500,839.000,956.912,955.419,1144.009,1028.835,1277.619,819.670,1277.619,279.057,1277.619,134.504,2025-09-30 22:27:39.626402+03:00,2025-09-30 22:27:39.626402+03:00
7204.SR,Perfect Presentation for Commercial Services Company,Tadawul,2025-09-30,11.100,10.090,11.410,13.520,14.120,14.220,15.240,9.500,18.550,6.859,18.550,6.859,2025-09-30 22:27:44.072021+03:00,2025-09-30 22:27:44.072021+03:00
7211.SR,Saudi Azm for Communication and Information Technology Company,Tadawul,2025-09-30,28.040,26.260,,,,,31.700,24.000,31.700,24.000,31.700,24.000,2025-09-30 22:27:48.419751+03:00,2025-09-30 22:27:48.419751+03:00
4165.SR,Al Majed Oud Co.,Tadawul,2025-09-30,121.800,117.000,150.100,132.595,144.790,118.271,192.408,100.075,192.408,100.075,192.408,100.075,2025-09-30 22:27:52.813764+03:00,2025-09-30 22:27:52.813764+03:00
9406.SR,Albilad Capital - Msci US Equity ETF,Tadawul,2025-09-30,13.190,12.590,12.400,11.090,11.920,11.820,13.200,9.730,13.560,8.560,13.560,8.540,2025-09-30 22:27:56.993401+03:00,2025-09-30 22:27:56.993401+03:00
9402.SR,HSBC Amanah Saudi 20 ETF,Tadawul,2025-09-30,46.810,43.480,44.510,47.300,47.250,45.850,49.550,42.160,49.900,39.850,58.600,30.600,2025-09-30 22:28:01.445354+03:00,2025-09-30 22:28:01.445354+03:00
9403.SR,Albilad Saudi Sovereign Sukuk Etf,Tadawul,2025-09-30,8.410,8.383,8.258,8.167,7.932,7.866,8.430,7.831,8.805,7.605,8.934,7.605,2025-09-30 22:28:05.588170+03:00,2025-09-30 22:28:05.588170+03:00
4701.SR,Alkhabeer Growth A - Alkhabeer Growth And Income Fund,Tadawul,2025-09-30,9.180,9.080,8.667,7.551,7.560,7.353,9.900,6.831,9.900,4.660,9.900,4.660,2025-09-30 22:28:09.910309+03:00,2025-09-30 22:28:09.910309+03:00
9400.SR,FALCOM Saudi Equity ETF,Tadawul,2025-09-30,48.160,46.710,47.490,50.950,51.200,50.100,53.200,44.100,54.200,42.700,70.800,32.400,2025-09-30 22:28:14.195462+03:00,2025-09-30 22:28:14.195462+03:00
9401.SR,FALCOM Petrochemical ETF,Tadawul,2025-09-30,25.970,25.980,24.060,25.150,26.700,29.530,31.050,21.000,39.900,21.000,53.000,21.000,2025-09-30 22:28:18.422490+03:00,2025-09-30 22:28:18.422490+03:00
9404.SR,Alinma Saudi Government Sukuk Etf Fund - Short Maturity - Alinma Sukuk Fund,Tadawul,2025-09-30,10.540,10.420,10.321,10.272,10.252,10.233,10.580,10.156,10.754,7.791,10.754,5.955,2025-09-30 22:28:51.195134+03:00,2025-09-30 22:28:51.195134+03:00
9405.SR,Albilad Gold ETF,Tadawul,2025-09-30,20.120,18.120,17.580,16.800,13.950,13.990,20.370,13.480,20.370,9.090,20.370,9.030,2025-09-30 22:28:55.413719+03:00,2025-09-30 22:28:55.413719+03:00
4700.SR,Alkhabeer Capital - Diversified Income ETF,Tadawul,2025-09-30,5.570,5.700,5.699,5.863,6.021,5.778,6.179,5.342,6.478,5.054,6.478,5.054,2025-09-30 22:28:59.744549+03:00,2025-09-30 22:28:59.744549+03:00
9407.SR,Albilad Capital - MSCI US Tech ETF,Tadawul,2025-09-30,22.330,21.140,20.010,15.990,18.880,17.160,22.360,14.020,22.360,10.000,22.360,10.000,2025-09-30 22:29:03.973969+03:00,2025-09-30 22:29:03.973969+03:00
9408.SR,Albilad MSCI Saudi Growth ETF,Tadawul,2025-09-30,9.140,8.460,8.960,9.320,10.650,10.640,11.880,8.050,12.460,8.050,12.460,8.050,2025-09-30 22:29:08.151038+03:00,2025-09-30 22:29:08.151038+03:00
4702.SR,Al Khabeer Diversified Income T,Tadawul,2025-09-30,7.830,7.900,7.248,7.267,7.001,6.634,8.170,6.588,9.096,6.340,9.096,6.340,2025-09-30 22:29:12.334074+03:00,2025-09-30 22:29:12.334074+03:00
4703.SR,Sedco Capital - Multi Asset Traded Fund,Tadawul,2025-09-30,6.870,6.730,5.979,6.003,5.991,6.354,7.005,5.554,8.986,5.554,8.986,5.554,2025-09-30 22:29:16.565623+03:00,2025-09-30 22:29:16.565623+03:00
9410.SR,Albilad CSOP MSCI Hong Kong China -  Class  Sarency Series,Tadawul,2025-09-30,12.920,12.840,11.220,10.530,9.200,,13.270,8.830,13.270,8.830,13.270,8.830,2025-09-30 22:29:20.861382+03:00,2025-09-30 22:29:20.861382+03:00
9411.SR,Sab Invest Hang Seng Homg Etf,Tadawul,2025-09-30,13.250,12.480,11.700,11.030,9.500,,14.160,8.950,14.160,8.950,14.160,8.950,2025-09-30 22:29:25.256528+03:00,2025-09-30 22:29:25.256528+03:00
9409.SR,YAQEEN S&P ESG MENA ETF Fund,Tadawul,2025-09-30,10.410,10.410,9.860,9.800,,,11.360,9.000,11.360,9.000,11.360,9.000,2025-09-30 22:29:29.659418+03:00,2025-09-30 22:29:29.659418+03:00
9615.SR,Mufeed Company,NOMU,2025-09-30,37.000,38.580,59.700,68.800,71.700,,86.844,36.980,86.844,36.980,86.844,36.980,2025-09-30 22:29:34.202710+03:00,2025-09-30 22:29:34.202710+03:00
9642.SR,Time Entertainment Company,NOMU,2025-09-29,61.000,56.000,60.900,,,,80.900,53.000,80.900,53.000,80.900,53.000,2025-09-30 22:29:38.422352+03:00,2025-09-30 22:29:38.422352+03:00
9618.SR,Al-Fakhera Men's Tailoring Company,NOMU,2025-09-30,5.660,5.500,5.620,6.180,5.575,,6.392,5.130,6.392,5.130,6.392,5.130,2025-09-30 22:29:42.865943+03:00,2025-09-30 22:29:42.865943+03:00
9640.SR,ASAS Makeen Real Estate Development and Investment Company,NOMU,2025-09-30,98.000,100.000,105.900,,,,119.000,88.000,119.000,88.000,119.000,88.000,2025-09-30 22:29:47.104503+03:00,2025-09-30 22:29:47.104503+03:00
9641.SR,Hawyia Auctions Co.,NOMU,2025-09-30,12.750,12.450,12.910,,,,15.300,11.700,15.300,11.700,15.300,11.700,2025-09-30 22:29:51.297813+03:00,2025-09-30 22:29:51.297813+03:00
9648.SR,Hamad Mohammed Bin Saedan Real Estate Company,NOMU,2025-09-30,10.850,,,,,,12.780,10.700,12.780,10.700,12.780,10.700,2025-09-30 22:29:55.534257+03:00,2025-09-30 22:29:55.534257+03:00
9634.SR,Adeer Real Estate Co.,NOMU,2025-09-30,127.900,127.500,87.667,,,,143.000,78.304,143.000,78.304,143.000,78.304,2025-09-30 22:29:59.895098+03:00,2025-09-30 22:29:59.895098+03:00
9610.SR,First Avenue for Real Estate De,NOMU,2025-09-30,8.860,8.000,9.100,9.050,8.690,,11.000,6.600,11.000,6.600,11.000,6.600,2025-09-30 22:30:04.484292+03:00,2025-09-30 22:30:04.484292+03:00
9521.SR,INMAR Company,NOMU,2025-09-30,21.690,24.240,22.858,27.706,23.282,18.928,29.421,17.437,29.421,16.555,36.852,16.555,2025-09-30 22:30:08.745727+03:00,2025-09-30 22:30:08.745727+03:00
9535.SR,Ladun Investment Company,NOMU,2025-09-30,2.670,2.670,3.560,3.570,3.820,2.983,4.660,2.250,7.236,1.178,7.236,1.142,2025-09-30 22:30:13.151600+03:00,2025-09-30 22:30:13.151600+03:00
9591.SR,View United Real Estate Development Co.,NOMU,2025-09-30,6.200,6.250,6.230,6.695,7.766,7.269,10.233,5.990,10.233,2.082,10.233,2.082,2025-09-30 22:30:17.481179+03:00,2025-09-30 22:30:17.481179+03:00
9515.SR,Fesh Fash Snack Food Production Company,NOMU,2025-09-30,11.260,11.500,10.370,13.400,15.040,10.300,18.000,10.020,23.140,10.020,37.706,10.020,2025-09-30 22:30:21.776416+03:00,2025-09-30 22:30:21.776416+03:00
9536.SR,Arabian Food and Dairy Factories Company,NOMU,2025-09-30,62.950,62.430,65.356,78.916,87.792,67.405,99.108,58.000,122.530,58.000,175.754,58.000,2025-09-30 22:30:26.059619+03:00,2025-09-30 22:30:26.059619+03:00
9555.SR,Leen Alkhair Trading Company,NOMU,2025-09-30,14.580,14.800,20.000,19.000,22.280,21.000,27.000,14.500,34.200,14.500,34.200,14.500,2025-09-30 22:30:30.397189+03:00,2025-09-30 22:30:30.397189+03:00
9556.SR,Nofoth Food Products Company,NOMU,2025-09-30,11.800,11.370,13.650,11.331,9.105,8.758,13.980,8.313,13.980,3.234,13.980,3.234,2025-09-30 22:30:34.755823+03:00,2025-09-30 22:30:34.755823+03:00
9559.SR,Balady Poultry Company,NOMU,2025-09-30,156.000,136.800,185.000,319.000,378.400,371.200,408.000,124.400,408.000,116.040,408.000,116.040,2025-09-30 22:30:39.040149+03:00,2025-09-30 22:30:39.040149+03:00
9564.SR,Horizon Food Company Limited,NOMU,2025-09-30,31.800,34.000,31.000,40.000,38.800,38.800,46.950,29.550,84.900,29.550,84.900,29.550,2025-09-30 22:30:43.407525+03:00,2025-09-30 22:30:43.407525+03:00
9622.SR,Shmoh Almadi Co.,NOMU,2025-09-30,12.030,15.000,14.980,15.220,,,24.880,12.000,24.880,12.000,24.880,12.000,2025-09-30 22:30:47.739375+03:00,2025-09-30 22:30:47.739375+03:00
9644.SR,Naf Company for Feed for Indust,NOMU,2025-09-30,62.000,59.150,,,,,86.900,55.050,86.900,55.050,86.900,55.050,2025-09-30 22:30:52.050589+03:00,2025-09-30 22:30:52.050589+03:00
9532.SR,Aljouf Mineral Water Bottling Co.,NOMU,2025-09-30,2.050,1.810,1.600,1.760,1.425,0.900,2.410,0.889,2.410,0.889,3.653,0.889,2025-09-30 22:30:56.270249+03:00,2025-09-30 22:30:56.270249+03:00
9612.SR,Sama Healthy Water Factory Co.,NOMU,2025-09-30,2.200,2.240,2.600,3.255,3.681,,4.233,2.170,4.233,2.170,4.233,2.170,2025-09-30 22:31:00.670634+03:00,2025-09-30 22:31:00.670634+03:00
9620.SR,Balsm Alofoq Medical Co.,NOMU,2025-09-30,56.500,64.450,76.950,81.900,73.000,,85.000,51.350,85.000,51.350,85.000,51.350,2025-09-30 22:31:04.952048+03:00,2025-09-30 22:31:04.952048+03:00
9627.SR,Twareat Medical Care Company,NOMU,2025-09-30,13.200,14.000,18.100,23.699,,,35.322,12.800,35.322,12.800,35.322,12.800,2025-09-30 22:31:09.189625+03:00,2025-09-30 22:31:09.189625+03:00
9626.SR,Basma Adeem Medical Co.,NOMU,2025-09-30,5.000,5.140,4.880,6.420,,,6.950,4.610,6.950,4.610,6.950,4.610,2025-09-30 22:31:13.630760+03:00,2025-09-30 22:31:13.630760+03:00
9600.SR,Qomel Company Limited,NOMU,2025-09-30,49.460,50.750,60.000,60.000,58.000,56.500,69.500,47.000,69.500,35.750,69.500,35.750,2025-09-30 22:31:18.129368+03:00,2025-09-30 22:31:18.129368+03:00
9594.SR,Al-Modawat Specialized Medical ,NOMU,2025-09-30,16.000,19.000,20.200,16.000,16.000,15.227,21.000,13.267,21.000,5.388,21.000,5.388,2025-09-30 22:31:22.391504+03:00,2025-09-30 22:31:22.391504+03:00
9604.SR,Miral Dental Clinics Co.,NOMU,2025-09-30,107.400,114.000,106.200,133.000,108.000,85.000,145.000,85.000,145.000,73.700,145.000,73.700,2025-09-30 22:31:26.642875+03:00,2025-09-30 22:31:26.642875+03:00
9647.SR,Wajd life trading Company,NOMU,2025-09-30,5.500,,,,,,5.990,5.110,5.990,5.110,5.990,5.110,2025-09-30 22:31:31.302813+03:00,2025-09-30 22:31:31.302813+03:00
9616.SR,Jana Medical Co.,NOMU,2025-09-30,14.190,16.300,14.820,31.450,43.700,,45.000,10.600,45.000,10.600,45.000,10.600,2025-09-30 22:31:35.834185+03:00,2025-09-30 22:31:35.834185+03:00
9546.SR,Naba Al Saha Medical Services Company,NOMU,2025-09-30,60.000,64.000,68.150,77.500,78.691,81.182,96.621,57.100,118.336,27.438,118.336,27.438,2025-09-30 22:31:40.430095+03:00,2025-09-30 22:31:40.430095+03:00
9527.SR,Alf Meem Yaa for Medical Supplies and Equipment Company,NOMU,2025-09-30,120.000,120.300,128.000,144.519,123.509,70.394,147.071,68.529,147.071,30.007,147.071,30.007,2025-09-30 22:31:44.866328+03:00,2025-09-30 22:31:44.866328+03:00
9530.SR,Arabian International Healthcare Holding Company,NOMU,2025-09-30,27.180,29.600,34.000,35.300,39.950,36.800,45.450,25.000,49.005,25.000,72.897,25.000,2025-09-30 22:31:49.293475+03:00,2025-09-30 22:31:49.293475+03:00
9572.SR,Al-Razi Medical Company,NOMU,2025-09-30,37.480,37.840,40.000,52.500,59.000,46.000,70.000,35.160,88.405,35.160,88.405,35.160,2025-09-30 22:31:53.867074+03:00,2025-09-30 22:31:53.867074+03:00
9518.SR,Canadian General Medical Center Complex Company,NOMU,2025-09-30,7.360,6.880,6.700,6.859,7.008,5.360,8.308,5.320,8.308,3.816,9.161,3.816,2025-09-30 22:31:58.193787+03:00,2025-09-30 22:31:58.193787+03:00
9574.SR,Professional Medical Expertise Company,NOMU,2025-09-30,90.900,94.500,88.000,103.779,87.570,82.727,113.663,75.000,113.663,59.207,113.663,59.207,2025-09-30 22:32:02.559634+03:00,2025-09-30 22:32:02.559634+03:00
9544.SR,Future Care Trading Co.,NOMU,2025-09-30,2.650,2.080,2.300,7.030,9.130,10.960,12.100,1.510,72.800,0.950,72.800,0.950,2025-09-30 22:32:06.945403+03:00,2025-09-30 22:32:06.945403+03:00
9587.SR,Lana Medical Co.,NOMU,2025-09-30,30.000,31.100,34.400,30.600,28.633,24.233,40.667,23.333,40.667,18.067,40.667,18.067,2025-09-30 22:32:11.156559+03:00,2025-09-30 22:32:11.156559+03:00
9516.SR,Natural Gas Distribution Company,NOMU,2025-09-30,35.000,36.900,42.000,53.802,65.155,47.385,69.104,33.000,69.104,33.000,80.108,33.000,2025-09-30 22:32:15.683547+03:00,2025-09-30 22:32:15.683547+03:00
9300.SR,Alwaha REIT Fund,NOMU,2025-09-30,9.400,9.880,11.599,11.280,11.256,10.805,12.555,9.400,12.772,8.250,12.772,8.250,2025-09-30 22:32:19.931148+03:00,2025-09-30 22:32:19.931148+03:00
9549.SR,Abdulaziz and Mansour Ibrahim Albabtin Co.,NOMU,2025-09-28,33.000,32.400,35.500,43.232,49.000,39.387,52.451,31.000,55.416,31.000,55.416,31.000,2025-09-30 22:32:24.236159+03:00,2025-09-30 22:32:24.236159+03:00
9592.SR,Almujtama Alraida Medical Co.,NOMU,2025-09-30,31.800,31.660,31.980,29.000,30.000,31.000,34.050,28.800,48.000,28.800,48.000,28.800,2025-09-30 22:32:28.424241+03:00,2025-09-30 22:32:28.424241+03:00
9577.SR,DAR ALMARKABAH For Renting Cars Company,NOMU,2025-09-30,1.620,1.970,2.550,2.890,4.195,1.763,5.000,1.450,5.000,1.450,5.000,1.450,2025-09-30 22:32:32.740773+03:00,2025-09-30 22:32:32.740773+03:00
9584.SR,Riyal Investment and Developmen,NOMU,2025-09-30,19.950,18.500,23.480,27.417,26.780,24.381,29.179,18.040,37.012,18.040,37.012,18.040,2025-09-30 22:32:37.038148+03:00,2025-09-30 22:32:37.038148+03:00
9571.SR,Munawla Cargo Co. Ltd.,NOMU,2025-09-30,47.760,44.338,53.206,62.862,63.436,70.647,76.981,40.929,113.523,40.929,113.523,40.929,2025-09-30 22:32:41.369472+03:00,2025-09-30 22:32:41.369472+03:00
9586.SR,Osool and Bakheet Investment Co,NOMU,2025-09-30,24.100,27.300,30.960,37.000,39.950,48.250,49.800,22.520,67.500,22.520,67.500,22.520,2025-09-30 22:32:45.685441+03:00,2025-09-30 22:32:45.685441+03:00
9585.SR,Mulkia Investment Co.,NOMU,2025-09-28,41.200,34.860,41.500,34.041,31.520,27.580,41.667,24.113,41.667,21.904,41.667,21.904,2025-09-30 22:32:50.019288+03:00,2025-09-30 22:32:50.019288+03:00
9602.SR,Yaqeen Capital Co.,NOMU,2025-09-30,11.150,11.380,11.860,14.824,15.882,14.118,16.353,10.000,24.118,10.000,24.118,10.000,2025-09-30 22:32:54.332860+03:00,2025-09-30 22:32:54.332860+03:00
9596.SR,Quara Finance Company,NOMU,2025-09-30,17.400,17.400,16.700,17.000,18.800,15.000,20.000,15.000,22.600,14.320,22.600,14.320,2025-09-30 22:32:58.539845+03:00,2025-09-30 22:32:58.539845+03:00
9635.SR,Dkhoun National Trading Co.,NOMU,2025-09-30,73.000,71.500,85.450,,,,116.000,69.000,116.000,69.000,116.000,69.000,2025-09-30 22:33:02.795463+03:00,2025-09-30 22:33:02.795463+03:00
9579.SR,Intelligent Oud Co.,NOMU,2025-09-30,39.160,35.780,36.760,52.800,48.100,34.350,59.000,31.200,59.000,30.625,59.000,30.625,2025-09-30 22:33:07.114515+03:00,2025-09-30 22:33:07.114515+03:00
9517.SR,MOBI Industry Co.,NOMU,2025-09-30,11.500,11.000,13.129,14.612,14.458,10.998,16.410,10.631,16.410,4.840,16.410,4.840,2025-09-30 22:33:11.357435+03:00,2025-09-30 22:33:11.357435+03:00
9514.SR,Mohammed Hasan AlNaqool Sons Co.,NOMU,2025-09-30,48.480,47.380,37.700,42.400,47.100,33.500,60.000,32.200,73.500,32.200,73.500,32.200,2025-09-30 22:33:15.773000+03:00,2025-09-30 22:33:15.773000+03:00
9513.SR,Watani Iron Steel Company,NOMU,2025-09-30,2.040,2.010,2.120,2.280,2.650,1.990,3.150,1.900,3.987,1.900,5.467,1.900,2025-09-30 22:33:20.094206+03:00,2025-09-30 22:33:20.094206+03:00
9523.SR,Group Five Pipe Saudi Company,NOMU,2025-09-30,41.300,41.840,28.100,38.116,41.108,37.380,45.800,24.370,66.715,18.680,66.715,18.680,2025-09-30 22:33:24.509678+03:00,2025-09-30 22:33:24.509678+03:00
9548.SR,Arabian Plastic Industrial Company Limited,NOMU,2025-09-30,35.000,42.590,37.615,33.817,23.379,22.241,43.312,20.420,43.312,15.478,43.312,15.478,2025-09-30 22:33:28.692096+03:00,2025-09-30 22:33:28.692096+03:00
9539.SR,Aqaseem Factory for Chemicals and Plastics Co.,NOMU,2025-09-30,6.000,6.300,7.200,8.200,9.550,5.100,12.880,5.010,12.880,4.724,12.880,4.724,2025-09-30 22:33:32.995463+03:00,2025-09-30 22:33:32.995463+03:00
9563.SR,BENA Steel Industries,NOMU,2025-09-30,35.480,40.000,40.000,38.876,37.799,37.114,40.541,34.029,41.401,24.283,41.401,24.283,2025-09-30 22:33:37.458581+03:00,2025-09-30 22:33:37.458581+03:00
9565.SR,Meyar Company,NOMU,2025-09-30,47.000,51.950,57.500,65.600,75.000,62.000,83.000,45.600,107.800,45.600,107.800,45.600,2025-09-30 22:33:41.857185+03:00,2025-09-30 22:33:41.857185+03:00
9553.SR,Molan Steel Company,NOMU,2025-09-30,2.050,1.810,2.550,3.170,3.620,3.390,4.180,1.750,8.370,1.750,8.370,1.750,2025-09-30 22:33:46.100255+03:00,2025-09-30 22:33:46.100255+03:00
9566.SR,Saudi Lime Industries Company,NOMU,2025-09-30,12.200,13.170,12.762,13.333,12.190,10.571,13.880,10.476,19.981,9.524,19.981,9.524,2025-09-30 22:33:50.399731+03:00,2025-09-30 22:33:50.399731+03:00
9588.SR,Riyadh Steel Co.,NOMU,2025-09-30,1.770,1.900,1.620,2.050,2.350,1.970,2.570,1.590,3.500,1.157,3.500,1.157,2025-09-30 22:33:54.648529+03:00,2025-09-30 22:33:54.648529+03:00
9576.SR,Paper Home Company,NOMU,2025-09-30,36.000,43.000,45.333,45.800,50.333,50.000,56.467,35.000,71.950,24.375,71.950,24.375,2025-09-30 22:33:58.863551+03:00,2025-09-30 22:33:58.863551+03:00
9580.SR,"Al Rashid Industrial Co.,",NOMU,2025-09-30,52.500,49.300,47.190,57.170,43.430,35.455,68.000,34.590,68.000,27.978,68.000,27.978,2025-09-30 22:34:03.191897+03:00,2025-09-30 22:34:03.191897+03:00
9575.SR,Marble Design Factory Company,NOMU,2025-09-30,7.500,7.470,7.290,7.500,8.400,8.000,8.500,5.740,9.400,3.174,9.400,3.174,2025-09-30 22:34:07.535773+03:00,2025-09-30 22:34:07.535773+03:00
9552.SR,Saudi Top for Trading Company,NOMU,2025-09-30,6.900,7.400,7.196,7.666,6.956,5.661,8.530,5.661,9.241,4.993,9.241,4.993,2025-09-30 22:34:11.832448+03:00,2025-09-30 22:34:11.832448+03:00
9623.SR,Al Battal Factory for Chemical Industries Company,NOMU,2025-09-30,23.000,32.520,49.000,53.228,60.029,,68.999,21.000,68.999,21.000,68.999,21.000,2025-09-30 22:34:16.054812+03:00,2025-09-30 22:34:16.054812+03:00
9631.SR,Hedab Alkhaleej Trading Co.,NOMU,2025-09-30,37.060,40.994,41.606,38.233,,,49.240,34.757,49.240,34.757,49.240,34.757,2025-09-30 22:34:20.287083+03:00,2025-09-30 22:34:20.287083+03:00
9607.SR,ASG Plastic Factory Co.,NOMU,2025-09-30,47.000,43.900,54.318,64.290,56.180,46.996,68.296,39.500,68.296,39.500,68.296,39.500,2025-09-30 22:34:24.502685+03:00,2025-09-30 22:34:24.502685+03:00
9605.SR,Neft Alsharq Company for Chemic,NOMU,2025-09-30,3.700,3.650,3.860,4.600,4.800,3.850,6.000,3.300,6.000,3.300,6.000,3.300,2025-09-30 22:34:28.732272+03:00,2025-09-30 22:34:28.732272+03:00
9601.SR,Mohammed Hadi Al-Rasheed Company,NOMU,2025-09-30,110.000,108.000,118.300,136.440,99.336,72.637,168.832,68.711,168.832,27.687,168.832,27.687,2025-09-30 22:34:33.047318+03:00,2025-09-30 22:34:33.047318+03:00
9599.SR,Taqat Mineral Trading Co.,NOMU,2025-09-30,13.600,13.970,10.670,11.200,11.520,11.000,14.980,9.060,18.500,9.060,18.500,9.060,2025-09-30 22:34:37.276310+03:00,2025-09-30 22:34:37.276310+03:00
9609.SR,Nass Petrol Factory Company,NOMU,2025-09-29,42.000,41.000,52.000,69.000,66.000,46.000,80.000,37.040,80.000,35.700,80.000,35.700,2025-09-30 22:34:41.694870+03:00,2025-09-30 22:34:41.694870+03:00
9611.SR,Arabian United Float Glass Company,NOMU,2025-09-30,37.000,44.000,42.200,39.802,36.140,31.256,47.900,31.256,52.744,29.205,52.744,29.205,2025-09-30 22:34:46.004379+03:00,2025-09-30 22:34:46.004379+03:00
9608.SR,Al Ashghal Al Moysra Co.,NOMU,2025-09-30,24.060,28.300,30.000,30.000,29.950,27.800,38.000,24.060,38.000,24.000,38.000,24.000,2025-09-30 22:34:50.248401+03:00,2025-09-30 22:34:50.248401+03:00
9624.SR,Alshehili Company for metal industries,NOMU,2025-09-30,56.500,59.000,65.000,78.000,,,94.000,52.000,94.000,52.000,94.000,52.000,2025-09-30 22:34:54.370703+03:00,2025-09-30 22:34:54.370703+03:00
9639.SR,Anmat Technology for Trading Co,NOMU,2025-09-30,9.540,11.600,11.350,,,,16.000,9.020,16.000,9.020,16.000,9.020,2025-09-30 22:34:58.654412+03:00,2025-09-30 22:34:58.654412+03:00
9633.SR,Service Equipment Co.,NOMU,2025-09-30,49.600,53.600,65.500,,,,80.400,48.800,80.400,48.800,80.400,48.800,2025-09-30 22:35:02.879172+03:00,2025-09-30 22:35:02.879172+03:00
9547.SR,Rawasi Albina Investment Co.,NOMU,2025-09-30,3.700,3.800,3.800,5.000,4.360,3.720,5.800,3.390,11.000,3.390,11.000,3.390,2025-09-30 22:35:07.156867+03:00,2025-09-30 22:35:07.156867+03:00
9533.SR,Saudi Parts Center Company,NOMU,2025-09-28,36.980,40.000,42.220,66.200,60.800,50.000,72.900,35.000,99.000,35.000,235.800,35.000,2025-09-30 22:35:11.389466+03:00,2025-09-30 22:35:11.389466+03:00
9569.SR,"AlMuneef Company for Trade, Industry, Agriculture and Contracting",NOMU,2025-09-30,7.090,6.000,6.260,6.729,6.152,4.950,8.344,4.614,8.344,2.905,8.344,2.905,2025-09-30 22:35:15.755624+03:00,2025-09-30 22:35:15.755624+03:00
9568.SR,Mayar Holding Company,NOMU,2025-09-30,3.000,2.950,2.500,3.200,3.290,3.950,4.200,2.160,10.000,2.160,10.000,2.160,2025-09-30 22:35:20.040011+03:00,2025-09-30 22:35:20.040011+03:00
9560.SR,Waja Company,NOMU,2025-09-30,7.390,7.350,7.420,7.900,7.800,6.350,8.200,6.240,8.300,5.560,8.300,5.560,2025-09-30 22:35:24.342953+03:00,2025-09-30 22:35:24.342953+03:00
9583.SR,United Mining Industries Company,NOMU,2025-09-30,45.000,48.400,38.000,43.214,40.219,31.429,51.000,31.429,51.000,20.951,51.000,20.951,2025-09-30 22:35:28.589966+03:00,2025-09-30 22:35:28.589966+03:00
9578.SR,Atlas Elevators General Trading & Contracting Company,NOMU,2025-09-30,17.000,16.750,18.400,20.661,19.686,17.659,23.273,16.530,23.625,15.145,23.625,15.145,2025-09-30 22:35:33.221594+03:00,2025-09-30 22:35:33.221594+03:00
9542.SR,Keir International Co.,NOMU,2025-09-28,3.950,3.950,3.950,4.400,5.390,3.700,6.750,3.550,11.284,3.300,12.651,3.300,2025-09-30 22:35:37.440812+03:00,2025-09-30 22:35:37.440812+03:00
9525.SR,Alwasail Industrial Company,NOMU,2025-09-30,3.600,3.320,3.790,3.020,2.981,2.017,3.870,2.007,3.870,1.482,3.870,1.482,2025-09-30 22:35:41.967977+03:00,2025-09-30 22:35:41.967977+03:00
9528.SR,Gas Arabian Services Company,NOMU,2025-09-30,17.190,18.000,15.720,15.997,17.379,11.203,19.385,10.716,19.385,5.011,19.385,5.011,2025-09-30 22:35:46.359243+03:00,2025-09-30 22:35:46.359243+03:00
9510.SR,National Building and Marketing Co.,NOMU,2025-09-30,110.600,129.700,150.000,214.000,188.000,228.000,229.000,100.000,360.000,100.000,425.000,100.000,2025-09-30 22:35:50.611757+03:00,2025-09-30 22:35:50.611757+03:00
9545.SR,International Human Resources Company,NOMU,2025-09-30,5.850,5.900,6.090,6.300,4.770,3.990,6.700,3.870,6.700,2.604,6.700,2.170,2025-09-30 22:35:54.927860+03:00,2025-09-30 22:35:54.927860+03:00
9570.SR,Tam Development Company,NOMU,2025-09-30,90.000,107.500,138.000,178.753,184.513,192.656,217.284,87.000,229.963,87.000,229.963,87.000,2025-09-30 22:35:59.374078+03:00,2025-09-30 22:35:59.374078+03:00
9593.SR,Pan Gulf Marketing Co.,NOMU,2025-09-30,20.200,20.200,21.000,22.381,25.143,24.190,26.429,20.000,37.143,20.000,37.143,20.000,2025-09-30 22:36:03.579221+03:00,2025-09-30 22:36:03.579221+03:00
9540.SR,National Environmental Recycling Company,NOMU,2025-09-30,7.450,7.650,8.000,7.750,7.950,6.000,8.800,5.900,8.800,2.600,8.800,2.400,2025-09-30 22:36:07.868156+03:00,2025-09-30 22:36:07.868156+03:00
9645.SR,National Signage Industrial Co.,NOMU,2025-09-30,11.040,14.000,,,,,15.140,10.800,15.140,10.800,15.140,10.800,2025-09-30 22:36:12.228761+03:00,2025-09-30 22:36:12.228761+03:00
9625.SR,Itmam Consultancy Co.,NOMU,2025-09-30,16.550,16.000,18.000,19.000,,,19.960,14.000,19.960,14.000,19.960,14.000,2025-09-30 22:36:16.535367+03:00,2025-09-30 22:36:16.535367+03:00
9619.SR,Multi Business Group Company for Projects,NOMU,2025-09-30,13.100,12.600,16.740,19.231,14.127,,20.265,12.300,20.265,12.300,20.265,12.300,2025-09-30 22:36:21.006545+03:00,2025-09-30 22:36:21.006545+03:00
9621.SR,Digital Research Company,NOMU,2025-09-30,36.000,38.000,52.900,69.000,78.800,,88.000,32.000,88.000,32.000,88.000,32.000,2025-09-30 22:36:25.267253+03:00,2025-09-30 22:36:25.267253+03:00
9613.SR,Shalfa Facilities Management Company,NOMU,2025-09-30,52.950,75.500,70.100,79.000,90.800,,108.000,52.000,108.000,52.000,108.000,52.000,2025-09-30 22:36:29.614843+03:00,2025-09-30 22:36:29.614843+03:00
9606.SR,Altharwah Albashariyyah Co.,NOMU,2025-09-30,39.540,39.392,38.388,49.339,56.331,48.171,57.513,32.518,59.362,32.518,59.362,32.518,2025-09-30 22:36:34.105972+03:00,2025-09-30 22:36:34.105972+03:00
9597.SR,Leaf Global Environmental Servi,NOMU,2025-09-30,50.000,61.050,94.500,110.616,98.869,105.330,134.501,48.600,134.501,44.246,134.501,44.246,2025-09-30 22:36:38.437870+03:00,2025-09-30 22:36:38.437870+03:00
9598.SR,Al Mohafaza Company for Educati,NOMU,2025-09-30,25.000,25.000,23.000,25.950,28.442,22.558,29.000,21.000,29.000,17.654,29.000,17.654,2025-09-30 22:36:42.728814+03:00,2025-09-30 22:36:42.728814+03:00
9603.SR,Horizon Educational Co.,NOMU,2025-09-30,72.000,73.500,76.000,93.379,88.661,62.640,93.379,60.809,93.379,49.919,93.379,49.919,2025-09-30 22:36:47.053929+03:00,2025-09-30 22:36:47.053929+03:00
9630.SR,Ratio Speciality Company for Tr,NOMU,2025-09-30,7.800,8.500,9.250,10.600,,,11.980,7.700,11.980,7.700,11.980,7.700,2025-09-30 22:36:51.345145+03:00,2025-09-30 22:36:51.345145+03:00
9628.SR,Lamasat Co.,NOMU,2025-09-30,5.700,5.990,6.392,6.739,,,8.652,5.450,8.652,5.450,8.652,5.450,2025-09-30 22:36:55.608704+03:00,2025-09-30 22:36:55.608704+03:00
9617.SR,Arabica Star Co.,NOMU,2025-09-30,44.240,45.100,53.900,71.900,76.100,,88.000,40.280,88.000,40.280,88.000,40.280,2025-09-30 22:36:59.789845+03:00,2025-09-30 22:36:59.789845+03:00
9632.SR,Future Vision for Health Traini,NOMU,2025-09-30,6.610,7.480,5.990,,,,8.240,5.270,8.240,5.270,8.240,5.270,2025-09-30 22:37:04.076319+03:00,2025-09-30 22:37:04.076319+03:00
9636.SR,Al Kuzama Trading Co,NOMU,2025-09-30,70.000,74.000,84.500,,,,99.900,69.000,99.900,69.000,99.900,69.000,2025-09-30 22:37:08.622746+03:00,2025-09-30 22:37:08.622746+03:00
9541.SR,Academy of Learning Company,NOMU,2025-09-30,10.900,10.000,9.500,9.500,9.320,10.400,11.890,7.890,11.890,2.326,11.890,2.326,2025-09-30 22:37:12.829285+03:00,2025-09-30 22:37:12.829285+03:00
9581.SR,Clean Life Co.,NOMU,2025-09-30,104.000,99.900,104.754,105.686,102.100,99.269,122.671,97.193,122.671,80.857,122.671,80.857,2025-09-30 22:37:17.279833+03:00,2025-09-30 22:37:17.279833+03:00
9590.SR,Armah Sports Co.,NOMU,2025-09-30,79.600,79.800,85.100,89.900,88.300,83.200,99.800,71.200,107.600,27.750,107.600,27.750,2025-09-30 22:37:21.598408+03:00,2025-09-30 22:37:21.598408+03:00
9562.SR,Foods Gate Trading Co.,NOMU,2025-09-29,33.000,33.620,38.960,39.000,35.425,37.050,45.000,32.000,50.738,32.000,50.738,32.000,2025-09-30 22:37:25.995276+03:00,2025-09-30 22:37:25.995276+03:00
9567.SR,Ghida Al-Sultan Company,NOMU,2025-09-28,33.900,35.000,40.400,43.000,48.500,55.000,55.000,31.620,81.000,31.620,81.000,31.620,2025-09-30 22:37:30.295915+03:00,2025-09-30 22:37:30.295915+03:00
9551.SR,Knowledge Tower,NOMU,2025-09-30,13.000,14.000,13.600,13.800,20.000,6.600,21.100,6.310,21.100,4.075,21.100,4.075,2025-09-30 22:37:34.601181+03:00,2025-09-30 22:37:34.601181+03:00
9522.SR,Alhasoob Co.,NOMU,2025-09-30,44.500,42.440,45.500,64.200,61.300,46.400,84.000,39.000,133.400,39.000,274.000,39.000,2025-09-30 22:37:39.105735+03:00,2025-09-30 22:37:39.105735+03:00
9537.SR,Amwaj International Company,NOMU,2025-09-30,35.880,39.500,38.880,36.000,46.100,42.594,52.385,30.000,132.054,30.000,132.054,30.000,2025-09-30 22:37:43.315462+03:00,2025-09-30 22:37:43.315462+03:00
9589.SR,Fad International Company,NOMU,2025-09-30,74.500,77.800,85.800,78.024,85.553,67.765,112.941,64.188,116.894,63.059,116.894,63.059,2025-09-30 22:37:47.599755+03:00,2025-09-30 22:37:47.599755+03:00
9649.SR,Jamjoom Fashion Trading Company,NOMU,2025-09-30,137.200,,,,,,157.500,132.000,157.500,132.000,157.500,132.000,2025-09-30 22:37:51.986646+03:00,2025-09-30 22:37:51.986646+03:00
9637.SR,Axelerated Solutions for Inform,NOMU,2025-09-30,27.580,28.400,26.500,,,,31.180,24.900,31.180,24.900,31.180,24.900,2025-09-30 22:37:56.242099+03:00,2025-09-30 22:37:56.242099+03:00
9614.SR,Purity for Information Technology Company,NOMU,2025-09-30,20.990,21.400,21.500,21.020,20.220,,25.000,8.250,25.000,8.250,25.000,8.250,2025-09-30 22:38:00.464243+03:00,2025-09-30 22:38:00.464243+03:00
9595.SR,WSM for Information Technology ,NOMU,2025-09-30,39.000,42.500,34.000,44.300,51.000,34.000,58.800,31.000,76.500,31.000,76.500,31.000,2025-09-30 22:38:04.725316+03:00,2025-09-30 22:38:04.725316+03:00
9538.SR,Naseej for Technology Co.,NOMU,2025-09-30,48.960,49.500,46.000,60.000,65.000,60.000,81.900,42.300,85.000,42.300,133.000,42.300,2025-09-30 22:38:08.990295+03:00,2025-09-30 22:38:08.990295+03:00
9550.SR,Sure Global Tech Co.,NOMU,2025-09-30,67.500,68.500,83.550,88.799,83.402,64.465,98.120,58.872,98.205,29.651,98.205,29.651,2025-09-30 22:38:13.389333+03:00,2025-09-30 22:38:13.389333+03:00
9524.SR,Advance International Company for Communication and Information Technology,NOMU,2025-09-30,2.260,2.200,2.710,3.300,4.400,3.110,4.850,2.130,6.000,2.130,6.000,2.130,2025-09-30 22:38:17.711192+03:00,2025-09-30 22:38:17.711192+03:00
9557.SR,Edarat Communication and Information Technology Co.,NOMU,2025-09-30,202.000,206.800,242.900,288.700,336.500,245.000,375.000,190.000,375.000,26.875,375.000,26.875,2025-09-30 22:38:22.049870+03:00,2025-09-30 22:38:22.049870+03:00
9561.SR,Knowledge Net Computer Company,NOMU,2025-09-30,23.000,26.120,31.900,34.000,30.000,19.020,37.000,18.960,44.471,18.960,44.471,18.960,2025-09-30 22:38:26.459860+03:00,2025-09-30 22:38:26.459860+03:00
9543.SR,Saudi Networkers Services Company,NOMU,2025-09-30,75.000,73.000,68.620,71.053,74.503,67.241,84.594,60.395,84.594,40.489,84.594,40.489,2025-09-30 22:38:30.795064+03:00,2025-09-30 22:38:30.795064+03:00
9558.SR,Alqemam for Computer Systems Co.,NOMU,2025-09-30,69.000,72.400,88.000,90.900,87.000,92.400,114.400,62.000,162.000,62.000,162.000,62.000,2025-09-30 22:38:35.261512+03:00,2025-09-30 22:38:35.261512+03:00
4100.SR,Makkah Construction and Development Company,Tadawul,2025-09-30,89.200,72.400,91.450,106.439,96.811,95.511,112.944,67.950,112.944,47.288,112.944,44.845,2025-09-30 22:43:18.730836+03:00,2025-09-30 22:43:18.730836+03:00
